box,alpha,side,dens,N,island,steps,seeds,mean,seed_min,seed_max
denser,0,90,0.025,1225,old,15100-20000,5,20.59,13.39,30.27
denser,0,90,0.025,1225,new,15100-20000,5,20.48,12.84,30.27
denser,0,90,0.025,1225,densest,20000,5,21.5,14.71,31.86
denser,0,90,0.05,2436,old,15100-20000,5,24.64,21.59,30.92
denser,0,90,0.05,2436,new,15100-20000,5,24.47,20.27,30.92
denser,0,90,0.05,2436,densest,20000,5,28.36,25.31,32
denser,0,90,0.1,4905,old,15100-20000,5,50.31,33.66,72.92
denser,0,90,0.1,4905,new,15100-20000,5,52.7,38.44,67.79
denser,0,90,0.1,4905,densest,20000,5,58.56,48.45,67.79
denser,0,90,0.15,7357,old,15100-20000,5,113.3,63.38,256.6
denser,0,90,0.15,7357,new,15100-20000,5,114.5,36.83,256.6
denser,0,90,0.15,7357,densest,20000,5,127.9,59.06,263.7
denser,0,90,0.2,9761,old,15100-20000,5,86.98,58.88,124.8
denser,0,90,0.2,9761,new,15100-20000,5,100.3,61.56,137.2
denser,0,90,0.2,9761,densest,20000,5,117.2,91.58,141.2
denser,0,90,0.3,14639,old,15100-20000,5,181.9,130,226
denser,0,90,0.3,14639,new,15100-20000,5,178,129.5,202
denser,0,90,0.3,14639,densest,20000,5,198.7,172.3,227
denser,0,90,0.4,19486,old,15100-20000,5,267.7,168.9,381.1
denser,0,90,0.4,19486,new,15100-20000,5,257.4,159.3,357.4
denser,0,90,0.4,19486,densest,20000,5,266.2,159.3,357.4
denser,0,90,0.6,29184,old,15100-20000,5,352.9,267.8,451
denser,0,90,0.6,29184,new,15100-20000,5,313.7,212.2,426.8
denser,0,90,0.6,29184,densest,20000,5,353.6,270.1,439.7
denser,0,90,0.8,38899,old,15100-20000,5,481.1,280.8,816.9
denser,0,90,0.8,38899,new,15100-20000,5,463.8,253.2,816.9
denser,0,90,0.8,38899,densest,20000,5,536.1,308.6,1040
denser,0,90,1.2,58361,old,15100-20000,5,605.1,272.7,754.2
denser,0,90,1.2,58361,new,15100-20000,5,667.3,518.7,742.4
denser,0,90,1.2,58361,densest,20000,5,693.6,608.6,742.4
denser,0,90,1.6,77784,old,15100-20000,5,1153,895.1,1434
denser,0,90,1.6,77784,new,15100-20000,5,1122,995.9,1334
denser,0,90,1.6,77784,densest,20000,5,1199,998.3,1449
denser,0,90,2.4,116686,old,15100-20000,5,1513,931.7,2199
denser,0,90,2.4,116686,new,15100-20000,5,1571,878.8,2199
denser,0,90,2.4,116686,densest,20000,5,1668,1248,2271
denser,0.1,90,0.025,1225,old,15100-20000,5,18.87,10.07,31.38
denser,0.1,90,0.025,1225,new,15100-20000,5,20.19,10.38,31.38
denser,0.1,90,0.025,1225,densest,20000,5,21.07,14.38,31.38
denser,0.1,90,0.05,2436,old,15100-20000,5,26.64,17.42,36.35
denser,0.1,90,0.05,2436,new,15100-20000,5,29.65,24.53,36.35
denser,0.1,90,0.05,2436,densest,20000,5,29.89,21.17,35.9
denser,0.1,90,0.1,4905,old,15100-20000,5,70.84,28.44,167.5
denser,0.1,90,0.1,4905,new,15100-20000,5,69.47,33.86,167.5
denser,0.1,90,0.1,4905,densest,20000,5,80.05,39.78,167.5
denser,0.1,90,0.15,7357,old,15100-20000,5,76.37,54.69,99.89
denser,0.1,90,0.15,7357,new,15100-20000,5,82.12,44.34,120.3
denser,0.1,90,0.15,7357,densest,20000,5,92.99,74.64,124.8
denser,0.1,90,0.2,9761,old,15100-20000,5,117,75.16,167.9
denser,0.1,90,0.2,9761,new,15100-20000,5,114.9,86.84,155.6
denser,0.1,90,0.2,9761,densest,20000,5,123.6,107.3,159.8
denser,0.1,90,0.3,14639,old,15100-20000,5,152.6,135.1,170.3
denser,0.1,90,0.3,14639,new,15100-20000,5,150.1,135.1,172
denser,0.1,90,0.3,14639,densest,20000,5,152.5,135.1,172
denser,0.1,90,0.4,19486,old,15100-20000,5,162,131.5,200.5
denser,0.1,90,0.4,19486,new,15100-20000,5,171.6,128.9,195.4
denser,0.1,90,0.4,19486,densest,20000,5,213.8,158.1,292
denser,0.1,90,0.6,29184,old,15100-20000,5,317.4,210.4,413.7
denser,0.1,90,0.6,29184,new,15100-20000,5,281.5,196.7,366.6
denser,0.1,90,0.6,29184,densest,20000,5,357.3,271.5,477.3
denser,0.1,90,0.8,38899,old,15100-20000,5,390.6,219.9,596.4
denser,0.1,90,0.8,38899,new,15100-20000,5,419.4,319.7,511.4
denser,0.1,90,0.8,38899,densest,20000,5,502.4,390.6,607.2
denser,0.1,90,1.2,58361,old,15100-20000,5,529.9,322.7,744.1
denser,0.1,90,1.2,58361,new,15100-20000,5,545.5,325.3,740.6
denser,0.1,90,1.2,58361,densest,20000,5,580.9,372.1,749.9
denser,0.1,90,1.6,77784,old,15100-20000,5,1010,660.1,1716
denser,0.1,90,1.6,77784,new,15100-20000,5,987.6,699.3,1716
denser,0.1,90,1.6,77784,densest,20000,5,1094,627.6,1716
denser,0.1,90,2.4,116686,old,15100-20000,5,1402,957.6,1940
denser,0.1,90,2.4,116686,new,15100-20000,5,1640,1067,1928
denser,0.1,90,2.4,116686,densest,20000,5,1670,1164,1980
denser,0.2,90,0.025,1225,old,15100-20000,5,10.65,8.357,13.58
denser,0.2,90,0.025,1225,new,15100-20000,5,11.52,9.23,13.56
denser,0.2,90,0.025,1225,densest,20000,5,12.99,9.35,15.25
denser,0.2,90,0.05,2436,old,15100-20000,5,26.29,13.88,50.88
denser,0.2,90,0.05,2436,new,15100-20000,5,28.33,13.88,50.88
denser,0.2,90,0.05,2436,densest,20000,5,29.93,16.19,52.75
denser,0.2,90,0.1,4905,old,15100-20000,5,58.24,37.12,79.6
denser,0.2,90,0.1,4905,new,15100-20000,5,50.13,23,72.45
denser,0.2,90,0.1,4905,densest,20000,5,67.65,42,116.7
denser,0.2,90,0.15,7357,old,15100-20000,5,83.71,49.88,97.45
denser,0.2,90,0.15,7357,new,15100-20000,5,92.28,74.55,109.2
denser,0.2,90,0.15,7357,densest,20000,5,97.68,84.21,109.2
denser,0.2,90,0.2,9761,old,15100-20000,5,103,67.83,152.9
denser,0.2,90,0.2,9761,new,15100-20000,5,109,87.11,145.5
denser,0.2,90,0.2,9761,densest,20000,5,156.1,104.8,252.5
denser,0.2,90,0.3,14639,old,15100-20000,5,147,70.88,216.8
denser,0.2,90,0.3,14639,new,15100-20000,5,183.3,117.3,280.9
denser,0.2,90,0.3,14639,densest,20000,5,190.7,131.4,283.7
denser,0.2,90,0.4,19486,old,15100-20000,5,249.1,165.6,350.1
denser,0.2,90,0.4,19486,new,15100-20000,5,217.7,165.6,326.9
denser,0.2,90,0.4,19486,densest,20000,5,259.7,172.2,328.5
denser,0.2,90,0.6,29184,old,15100-20000,5,231.1,137.7,363.8
denser,0.2,90,0.6,29184,new,15100-20000,5,224.2,107.7,361.1
denser,0.2,90,0.6,29184,densest,20000,5,286,194.8,371.1
denser,0.2,90,0.8,38899,old,15100-20000,5,527.6,179.4,962.3
denser,0.2,90,0.8,38899,new,15100-20000,5,543.1,269.9,893.6
denser,0.2,90,0.8,38899,densest,20000,5,574.3,388,893.6
denser,0.2,90,1.2,58361,old,15100-20000,5,672,542.6,1034
denser,0.2,90,1.2,58361,new,15100-20000,5,617.7,384.8,1034
denser,0.2,90,1.2,58361,densest,20000,5,669.8,542.6,1034
denser,0.2,90,1.6,77784,old,15100-20000,5,742.2,425.6,947.7
denser,0.2,90,1.6,77784,new,15100-20000,5,710.9,332.6,947.7
denser,0.2,90,1.6,77784,densest,20000,5,908.2,716.3,1134
denser,0.2,90,2.4,116686,old,15100-20000,5,1031,659.8,1673
denser,0.2,90,2.4,116686,new,15100-20000,5,837.7,658.1,1045
denser,0.2,90,2.4,116686,densest,20000,5,1221,841.1,1601
denser,0.3,90,0.025,1225,old,15100-20000,5,11.24,6.371,15
denser,0.3,90,0.025,1225,new,15100-20000,5,12.96,8.357,15
denser,0.3,90,0.025,1225,densest,20000,5,13.15,9,15
denser,0.3,90,0.05,2436,old,15100-20000,5,28.4,13.03,40.08
denser,0.3,90,0.05,2436,new,15100-20000,5,28.76,17.64,40.08
denser,0.3,90,0.05,2436,densest,20000,5,29.64,17.64,40.92
denser,0.3,90,0.1,4905,old,15100-20000,5,56.97,35.5,83
denser,0.3,90,0.1,4905,new,15100-20000,5,48.19,31.21,77.29
denser,0.3,90,0.1,4905,densest,20000,5,52.08,36.78,77.29
denser,0.3,90,0.15,7357,old,15100-20000,5,100.7,56.14,146.9
denser,0.3,90,0.15,7357,new,15100-20000,5,102.3,49.25,146.9
denser,0.3,90,0.15,7357,densest,20000,5,104.5,49.38,146.9
denser,0.3,90,0.2,9761,old,15100-20000,5,103.4,92.82,127.1
denser,0.3,90,0.2,9761,new,15100-20000,5,95.38,84.58,107.6
denser,0.3,90,0.2,9761,densest,20000,5,112.1,84.58,171
denser,0.3,90,0.3,14639,old,15100-20000,5,150.2,107.5,263.9
denser,0.3,90,0.3,14639,new,15100-20000,5,138.7,98.48,216.1
denser,0.3,90,0.3,14639,densest,20000,5,180.4,143.2,234.8
denser,0.3,90,0.4,19486,old,15100-20000,5,198.6,99.8,297.9
denser,0.3,90,0.4,19486,new,15100-20000,5,221,168.1,297.9
denser,0.3,90,0.4,19486,densest,20000,5,271.4,175.4,374.8
denser,0.3,90,0.6,29184,old,15100-20000,5,278.8,212.2,371.3
denser,0.3,90,0.6,29184,new,15100-20000,5,271.6,246,315.7
denser,0.3,90,0.6,29184,densest,20000,5,303.7,261,391.7
denser,0.3,90,0.8,38899,old,15100-20000,5,419.2,239.7,512.4
denser,0.3,90,0.8,38899,new,15100-20000,5,456.3,383.5,538.8
denser,0.3,90,0.8,38899,densest,20000,5,462.9,393.9,538.8
denser,0.3,90,1.2,58361,old,15100-20000,5,569.9,502.6,618.7
denser,0.3,90,1.2,58361,new,15100-20000,5,640.3,416.5,1227
denser,0.3,90,1.2,58361,densest,20000,5,711.5,491.6,1227
denser,0.3,90,1.6,77784,old,15100-20000,5,819.1,404.9,1306
denser,0.3,90,1.6,77784,new,15100-20000,5,978.3,626.9,1355
denser,0.3,90,1.6,77784,densest,20000,5,1003,710.5,1355
denser,0.3,90,2.4,116686,old,15100-20000,5,1064,521.6,1606
denser,0.3,90,2.4,116686,new,15100-20000,5,1310,990.4,1668
denser,0.3,90,2.4,116686,densest,20000,5,1411,1070,1765
denser,0.4,90,0.025,1225,old,15100-20000,5,13.19,6.897,15.5
denser,0.4,90,0.025,1225,new,15100-20000,5,13.72,9.545,15.5
denser,0.4,90,0.025,1225,densest,20000,5,13.84,9.778,15.5
denser,0.4,90,0.05,2436,old,15100-20000,5,26.19,14.18,32.48
denser,0.4,90,0.05,2436,new,15100-20000,5,24.26,14.18,32
denser,0.4,90,0.05,2436,densest,20000,5,30.57,21.67,35.29
denser,0.4,90,0.1,4905,old,15100-20000,5,49.55,23.79,66.07
denser,0.4,90,0.1,4905,new,15100-20000,5,55.44,32.4,65.79
denser,0.4,90,0.1,4905,densest,20000,5,74.23,51.93,126
denser,0.4,90,0.15,7357,old,15100-20000,5,76.44,52.88,101.4
denser,0.4,90,0.15,7357,new,15100-20000,5,65.53,38.76,99.71
denser,0.4,90,0.15,7357,densest,20000,5,73.8,56.87,99.8
denser,0.4,90,0.2,9761,old,15100-20000,5,99.86,47.1,192
denser,0.4,90,0.2,9761,new,15100-20000,5,99.27,52.38,179.6
denser,0.4,90,0.2,9761,densest,20000,5,110.8,66.33,187.4
denser,0.4,90,0.3,14639,old,15100-20000,5,126.2,95.72,168.2
denser,0.4,90,0.3,14639,new,15100-20000,5,114.9,72.46,196.2
denser,0.4,90,0.3,14639,densest,20000,5,129.3,98.6,196.2
denser,0.4,90,0.4,19486,old,15100-20000,5,267.1,144.3,450.2
denser,0.4,90,0.4,19486,new,15100-20000,5,225.8,135.2,335.4
denser,0.4,90,0.4,19486,densest,20000,5,281.1,151.8,484.4
denser,0.4,90,0.6,29184,old,15100-20000,5,400.1,248.8,720
denser,0.4,90,0.6,29184,new,15100-20000,5,390.4,243.4,672.1
denser,0.4,90,0.6,29184,densest,20000,5,464.2,261.4,714.8
denser,0.4,90,0.8,38899,old,15100-20000,5,398.9,260,577
denser,0.4,90,0.8,38899,new,15100-20000,5,352.5,243.8,500.7
denser,0.4,90,0.8,38899,densest,20000,5,414.2,319.7,527.2
denser,0.4,90,1.2,58361,old,15100-20000,5,697.9,466.1,900.5
denser,0.4,90,1.2,58361,new,15100-20000,5,734.9,492.2,1010
denser,0.4,90,1.2,58361,densest,20000,5,785.8,637.7,1067
denser,0.4,90,1.6,77784,old,15100-20000,5,867.8,536.1,1414
denser,0.4,90,1.6,77784,new,15100-20000,5,838.3,453.2,1209
denser,0.4,90,1.6,77784,densest,20000,5,1055,665.4,1434
denser,0.4,90,2.4,116686,old,15100-20000,5,1372,1065,1697
denser,0.4,90,2.4,116686,new,15100-20000,5,1329,1019,1787
denser,0.4,90,2.4,116686,densest,20000,5,1505,1019,1906
denser,0.5,90,0.025,1225,old,15100-20000,5,14.99,7.658,23.44
denser,0.5,90,0.025,1225,new,15100-20000,5,14.24,7.862,23.44
denser,0.5,90,0.025,1225,densest,20000,5,16.02,9.333,23.44
denser,0.5,90,0.05,2436,old,15100-20000,5,23.2,14.91,32.22
denser,0.5,90,0.05,2436,new,15100-20000,5,23.77,14.91,33
denser,0.5,90,0.05,2436,densest,20000,5,24.04,15.04,33
denser,0.5,90,0.1,4905,old,15100-20000,5,65.95,41.15,103.8
denser,0.5,90,0.1,4905,new,15100-20000,5,59.47,45.8,86.49
denser,0.5,90,0.1,4905,densest,20000,5,59.23,47,76.56
denser,0.5,90,0.15,7357,old,15100-20000,5,55.6,26.93,77.61
denser,0.5,90,0.15,7357,new,15100-20000,5,49.26,22.92,69.52
denser,0.5,90,0.15,7357,densest,20000,5,61.97,53.47,71.15
denser,0.5,90,0.2,9761,old,15100-20000,5,84.19,51.24,110.1
denser,0.5,90,0.2,9761,new,15100-20000,5,72.59,49.71,99.14
denser,0.5,90,0.2,9761,densest,20000,5,101.9,77.33,133.1
denser,0.5,90,0.3,14639,old,15100-20000,5,144.6,103.3,183.8
denser,0.5,90,0.3,14639,new,15100-20000,5,128.1,98,183.8
denser,0.5,90,0.3,14639,densest,20000,5,171.6,126.6,195.9
denser,0.5,90,0.4,19486,old,15100-20000,5,181,127,269.9
denser,0.5,90,0.4,19486,new,15100-20000,5,171.8,110.1,250.1
denser,0.5,90,0.4,19486,densest,20000,5,195.3,133.5,249.2
denser,0.5,90,0.6,29184,old,15100-20000,5,327.3,164.7,493.2
denser,0.5,90,0.6,29184,new,15100-20000,5,283.7,164.9,377.6
denser,0.5,90,0.6,29184,densest,20000,5,305.2,214,401.5
denser,0.5,90,0.8,38899,old,15100-20000,5,387.7,270.1,486.4
denser,0.5,90,0.8,38899,new,15100-20000,5,356.9,250,431.3
denser,0.5,90,0.8,38899,densest,20000,5,375,288.9,449.2
denser,0.5,90,1.2,58361,old,15100-20000,5,765.2,620.6,1009
denser,0.5,90,1.2,58361,new,15100-20000,5,607.1,288.5,938
denser,0.5,90,1.2,58361,densest,20000,5,651.2,535,910.5
denser,0.5,90,1.6,77784,old,15100-20000,5,801.1,534.3,1041
denser,0.5,90,1.6,77784,new,15100-20000,5,624.4,409,984
denser,0.5,90,1.6,77784,densest,20000,5,1167,778.1,1542
denser,0.5,90,2.4,116686,old,15100-20000,5,1369,859.4,1764
denser,0.5,90,2.4,116686,new,15100-20000,5,1208,582.6,1605
denser,0.5,90,2.4,116686,densest,20000,5,1289,904.1,1605
denser,0.6,90,0.025,1225,old,15100-20000,5,15.6,8.851,21.83
denser,0.6,90,0.025,1225,new,15100-20000,5,16.93,14.03,21.83
denser,0.6,90,0.025,1225,densest,20000,5,17,13.19,22.68
denser,0.6,90,0.05,2436,old,15100-20000,5,19.06,11.85,28.32
denser,0.6,90,0.05,2436,new,15100-20000,5,18.27,13.34,28.32
denser,0.6,90,0.05,2436,densest,20000,5,23.38,14.4,30.5
denser,0.6,90,0.1,4905,old,15100-20000,5,42.08,39.37,47.4
denser,0.6,90,0.1,4905,new,15100-20000,5,37.21,23.19,43.89
denser,0.6,90,0.1,4905,densest,20000,5,38.85,31.38,47.56
denser,0.6,90,0.15,7357,old,15100-20000,5,67.99,48.28,81.3
denser,0.6,90,0.15,7357,new,15100-20000,5,59.04,44.2,66.1
denser,0.6,90,0.15,7357,densest,20000,5,67.03,55.24,76.25
denser,0.6,90,0.2,9761,old,15100-20000,5,100.2,52.57,159.1
denser,0.6,90,0.2,9761,new,15100-20000,5,88.12,45.6,131.1
denser,0.6,90,0.2,9761,densest,20000,5,95.99,63.83,132.9
denser,0.6,90,0.3,14639,old,15100-20000,5,131,110.6,157.9
denser,0.6,90,0.3,14639,new,15100-20000,5,109.8,89.47,134.4
denser,0.6,90,0.3,14639,densest,20000,5,123.1,108.1,135.1
denser,0.6,90,0.4,19486,old,15100-20000,5,164.1,117.5,232.6
denser,0.6,90,0.4,19486,new,15100-20000,5,134.1,98.47,162.9
denser,0.6,90,0.4,19486,densest,20000,5,163.9,117.8,208.6
denser,0.6,90,0.6,29184,old,15100-20000,5,299.7,201.9,421.9
denser,0.6,90,0.6,29184,new,15100-20000,5,240.6,130.6,329.4
denser,0.6,90,0.6,29184,densest,20000,5,281.1,212.5,328.7
denser,0.6,90,0.8,38899,old,15100-20000,5,399.8,214.4,572.4
denser,0.6,90,0.8,38899,new,15100-20000,5,356.1,246.1,571.4
denser,0.6,90,0.8,38899,densest,20000,5,379.3,278.3,572.4
denser,0.6,90,1.2,58361,old,15100-20000,5,514.4,303,862.8
denser,0.6,90,1.2,58361,new,15100-20000,5,448.3,165.5,824.1
denser,0.6,90,1.2,58361,densest,20000,5,493.6,374,824.1
denser,0.6,90,1.6,77784,old,15100-20000,5,892.6,571.9,1384
denser,0.6,90,1.6,77784,new,15100-20000,5,715.2,520.8,959.5
denser,0.6,90,1.6,77784,densest,20000,5,823,545.1,1066
denser,0.6,90,2.4,116686,old,15100-20000,5,1009,806.6,1289
denser,0.6,90,2.4,116686,new,15100-20000,5,741.9,484.1,989.7
denser,0.6,90,2.4,116686,densest,20000,5,1246,927.1,1890
denser,0.7,90,0.025,1225,old,15100-20000,5,12.39,10.21,15.69
denser,0.7,90,0.025,1225,new,15100-20000,5,12.31,9.902,15.69
denser,0.7,90,0.025,1225,densest,20000,5,12.97,10.71,16.22
denser,0.7,90,0.05,2436,old,15100-20000,5,18.33,11.46,27.23
denser,0.7,90,0.05,2436,new,15100-20000,5,17.53,11.34,25.58
denser,0.7,90,0.05,2436,densest,20000,5,19.84,13.88,25.67
denser,0.7,90,0.1,4905,old,15100-20000,5,40.95,32.23,54.59
denser,0.7,90,0.1,4905,new,15100-20000,5,35.45,28.48,44.54
denser,0.7,90,0.1,4905,densest,20000,5,38.11,29.68,53.25
denser,0.7,90,0.15,7357,old,15100-20000,5,56.16,41.57,90.12
denser,0.7,90,0.15,7357,new,15100-20000,5,57.76,37.2,78.08
denser,0.7,90,0.15,7357,densest,20000,5,62.73,44.25,82.5
denser,0.7,90,0.2,9761,old,15100-20000,5,77.73,60.29,106.5
denser,0.7,90,0.2,9761,new,15100-20000,5,72.41,50.93,104.8
denser,0.7,90,0.2,9761,densest,20000,5,71.78,47.98,103.5
denser,0.7,90,0.3,14639,old,15100-20000,5,128.3,90.53,197.9
denser,0.7,90,0.3,14639,new,15100-20000,5,105.5,57.18,163.3
denser,0.7,90,0.3,14639,densest,20000,5,120.2,77,166.9
denser,0.7,90,0.4,19486,old,15100-20000,5,148.2,125.5,176.7
denser,0.7,90,0.4,19486,new,15100-20000,5,110.6,75.71,134.9
denser,0.7,90,0.4,19486,densest,20000,5,120.4,108.6,136.6
denser,0.7,90,0.6,29184,old,15100-20000,5,323.3,252.5,438.9
denser,0.7,90,0.6,29184,new,15100-20000,5,258.1,182.1,371.8
denser,0.7,90,0.6,29184,densest,20000,5,336.5,175.5,731
denser,0.7,90,0.8,38899,old,15100-20000,5,356,257.2,417.6
denser,0.7,90,0.8,38899,new,15100-20000,5,244.6,169.5,302.8
denser,0.7,90,0.8,38899,densest,20000,5,337.5,215.2,549
denser,0.7,90,1.2,58361,old,15100-20000,5,594.5,280.5,818.6
denser,0.7,90,1.2,58361,new,15100-20000,5,418.3,196.6,617.4
denser,0.7,90,1.2,58361,densest,20000,5,446.7,259.9,601.1
denser,0.7,90,1.6,77784,old,15100-20000,5,614,519.6,758.7
denser,0.7,90,1.6,77784,new,15100-20000,5,498,272.9,776
denser,0.7,90,1.6,77784,densest,20000,5,667.1,513,807
denser,0.7,90,2.4,116686,old,15100-20000,5,1204,627.9,1473
denser,0.7,90,2.4,116686,new,15100-20000,5,958.5,667.9,1198
denser,0.7,90,2.4,116686,densest,20000,5,1054,722.4,1387
denser,0.75,90,0.025,1223,old,15100-20000,4,15.36,10.33,21.92
denser,0.75,90,0.025,1223,new,15100-20000,4,15.29,10.1,21.92
denser,0.75,90,0.025,1223,densest,20000,4,14.84,10.8,18.29
denser,0.75,90,0.05,2428,old,15100-20000,4,18.9,14.63,22.27
denser,0.75,90,0.05,2428,new,15100-20000,4,20.68,13.78,26.99
denser,0.75,90,0.05,2428,densest,20000,4,24.96,15.48,36.3
denser,0.75,90,0.1,4888,old,15100-20000,4,31.1,28.59,33.1
denser,0.75,90,0.1,4888,new,15100-20000,4,29.84,28.02,31.04
denser,0.75,90,0.1,4888,densest,20000,4,33.62,31.53,39.18
denser,0.75,90,0.15,7344,old,15100-20000,4,47.95,41.85,61.83
denser,0.75,90,0.15,7344,new,15100-20000,4,47.21,38.46,70.57
denser,0.75,90,0.15,7344,densest,20000,4,51.91,39.56,82.75
denser,0.75,90,0.2,9749,old,15100-20000,4,65.37,47.54,83.55
denser,0.75,90,0.2,9749,new,15100-20000,4,56.39,41.72,73.58
denser,0.75,90,0.2,9749,densest,20000,4,59.23,50.94,73.2
denser,0.75,90,0.3,14658,old,15100-20000,4,129,95.22,169.5
denser,0.75,90,0.3,14658,new,15100-20000,4,101.7,77.17,131
denser,0.75,90,0.3,14658,densest,20000,4,108.4,77.59,131.2
denser,0.75,90,0.4,19492,old,15100-20000,4,157.1,101.9,235.8
denser,0.75,90,0.4,19492,new,15100-20000,4,138.1,92.36,199.8
denser,0.75,90,0.4,19492,densest,20000,4,132,71.81,208.5
denser,0.75,90,0.6,29193,old,15100-20000,4,237.7,169.4,378.9
denser,0.75,90,0.6,29193,new,15100-20000,4,177.2,133.5,264.3
denser,0.75,90,0.6,29193,densest,20000,4,171.1,132.4,255.2
denser,0.75,90,0.8,38915,old,15100-20000,4,361.2,234.8,462.6
denser,0.75,90,0.8,38915,new,15100-20000,4,255.8,174.7,294.6
denser,0.75,90,0.8,38915,densest,20000,4,260.2,180.4,301.8
denser,0.75,90,1.2,58349,old,15100-20000,4,715.9,596.5,895.6
denser,0.75,90,1.2,58349,new,15100-20000,4,469.3,339.8,545.7
denser,0.75,90,1.2,58349,densest,20000,4,504.4,452.6,617.1
denser,0.75,90,1.6,77793,old,15100-20000,4,719.7,364.3,994.8
denser,0.75,90,1.6,77793,new,15100-20000,4,502.5,231.7,748.4
denser,0.75,90,1.6,77793,densest,20000,4,518,274.9,758.8
denser,0.75,90,2.4,116692,old,15100-20000,4,904.4,831.9,997
denser,0.75,90,2.4,116692,new,15100-20000,4,626.9,445,868.6
denser,0.75,90,2.4,116692,densest,20000,4,697.9,590.2,897.2
denser,0.8,90,0.025,1225,old,15100-20000,5,16.07,10.61,25.68
denser,0.8,90,0.025,1225,new,15100-20000,5,15.18,10.61,25.9
denser,0.8,90,0.025,1225,densest,20000,5,17.54,10.36,30.05
denser,0.8,90,0.05,2436,old,15100-20000,5,18.54,14,25.63
denser,0.8,90,0.05,2436,new,15100-20000,5,20.36,14.77,28.33
denser,0.8,90,0.05,2436,densest,20000,5,21.94,13.84,29.9
denser,0.8,90,0.1,4905,old,15100-20000,5,36.12,28.45,45.86
denser,0.8,90,0.1,4905,new,15100-20000,5,30.31,22.44,44.21
denser,0.8,90,0.1,4905,densest,20000,5,31.22,24.85,37.27
denser,0.8,90,0.15,7357,old,15100-20000,5,54.91,34.32,89.5
denser,0.8,90,0.15,7357,new,15100-20000,5,48.35,30.75,73.2
denser,0.8,90,0.15,7357,densest,20000,5,51.24,28.16,78.86
denser,0.8,90,0.2,9761,old,15100-20000,5,73.82,41.5,118.6
denser,0.8,90,0.2,9761,new,15100-20000,5,59.65,36.68,93.45
denser,0.8,90,0.2,9761,densest,20000,5,65.54,50.97,91.11
denser,0.8,90,0.3,14639,old,15100-20000,5,94.9,70.39,123.3
denser,0.8,90,0.3,14639,new,15100-20000,5,73.07,57.92,90.2
denser,0.8,90,0.3,14639,densest,20000,5,80.54,62.19,97.53
denser,0.8,90,0.4,19486,old,15100-20000,5,140.5,90.87,195.8
denser,0.8,90,0.4,19486,new,15100-20000,5,103.8,75.87,137.6
denser,0.8,90,0.4,19486,densest,20000,5,108.4,78.33,153.9
denser,0.8,90,0.6,29184,old,15100-20000,5,197.4,132.5,263.9
denser,0.8,90,0.6,29184,new,15100-20000,5,135,93.81,186.7
denser,0.8,90,0.6,29184,densest,20000,5,149.7,94.91,198.6
denser,0.8,90,0.8,38899,old,15100-20000,5,228,175.4,297
denser,0.8,90,0.8,38899,new,15100-20000,5,156.2,107.9,192.6
denser,0.8,90,0.8,38899,densest,20000,5,184.4,152.7,230.9
denser,0.8,90,1.2,58361,old,15100-20000,5,367.6,255.2,451.2
denser,0.8,90,1.2,58361,new,15100-20000,5,255.6,168.2,377.9
denser,0.8,90,1.2,58361,densest,20000,5,277.7,179.8,393.4
denser,0.8,90,1.6,77784,old,15100-20000,5,578.3,284.2,1026
denser,0.8,90,1.6,77784,new,15100-20000,5,386.6,207.6,718
denser,0.8,90,1.6,77784,densest,20000,5,426.4,308.5,767.2
denser,0.8,90,2.4,116686,old,15100-20000,5,752.9,582.4,995.4
denser,0.8,90,2.4,116686,new,15100-20000,5,522.3,385.7,706.1
denser,0.8,90,2.4,116686,densest,20000,5,553.3,412.4,691.6
denser,0.81,90,0.025,1223,old,15100-20000,4,7.768,5.842,11.64
denser,0.81,90,0.025,1223,new,15100-20000,4,8.76,6.79,14.46
denser,0.81,90,0.025,1223,densest,20000,4,9.866,6.346,15.85
denser,0.81,90,0.05,2428,old,15100-20000,4,11.95,8.805,16.1
denser,0.81,90,0.05,2428,new,15100-20000,4,12.18,8.948,16.1
denser,0.81,90,0.05,2428,densest,20000,4,12.24,9.259,15.43
denser,0.81,90,0.1,4888,old,15100-20000,4,37.28,25.03,55.3
denser,0.81,90,0.1,4888,new,15100-20000,4,30.56,17.97,45.88
denser,0.81,90,0.1,4888,densest,20000,4,30.46,23.24,44.77
denser,0.81,90,0.15,7344,old,15100-20000,4,42.1,34.46,53.14
denser,0.81,90,0.15,7344,new,15100-20000,4,35.8,28.84,43.73
denser,0.81,90,0.15,7344,densest,20000,4,40.39,29.49,48.82
denser,0.81,90,0.2,9749,old,15100-20000,4,69.25,60.27,81.2
denser,0.81,90,0.2,9749,new,15100-20000,4,53.98,47.03,61.68
denser,0.81,90,0.2,9749,densest,20000,4,57,48.64,67.35
denser,0.81,90,0.3,14658,old,15100-20000,4,147.2,128.6,171.8
denser,0.81,90,0.3,14658,new,15100-20000,4,98.16,75.61,116.5
denser,0.81,90,0.3,14658,densest,20000,4,120.9,98.56,140.8
denser,0.81,90,0.4,19492,old,15100-20000,4,116.9,80.55,152.4
denser,0.81,90,0.4,19492,new,15100-20000,4,84.54,59.14,109.2
denser,0.81,90,0.4,19492,densest,20000,4,97.92,57.64,142.2
denser,0.81,90,0.6,29193,old,15100-20000,4,169.2,124.1,210.2
denser,0.81,90,0.6,29193,new,15100-20000,4,107.2,91.67,125.8
denser,0.81,90,0.6,29193,densest,20000,4,115,102.3,141.4
denser,0.81,90,0.8,38915,old,15100-20000,4,262.2,138.1,340.4
denser,0.81,90,0.8,38915,new,15100-20000,4,160.2,132.3,208.8
denser,0.81,90,0.8,38915,densest,20000,4,183.8,133.3,241
denser,0.81,90,1.2,58349,old,15100-20000,4,391.2,208.9,612.2
denser,0.81,90,1.2,58349,new,15100-20000,4,248.3,165.5,409.1
denser,0.81,90,1.2,58349,densest,20000,4,281.1,216.1,428.1
denser,0.81,90,1.6,77793,old,15100-20000,4,518.2,274.7,756.8
denser,0.81,90,1.6,77793,new,15100-20000,4,304.8,204,481.6
denser,0.81,90,1.6,77793,densest,20000,4,349.3,193.6,505
denser,0.81,90,2.4,116692,old,15100-20000,4,767.3,416.1,986.9
denser,0.81,90,2.4,116692,new,15100-20000,4,462.8,409,526.3
denser,0.81,90,2.4,116692,densest,20000,4,507.3,468.5,535.8
denser,0.82,90,0.025,1223,old,15100-20000,4,12.52,4.675,23.51
denser,0.82,90,0.025,1223,new,15100-20000,4,12.8,4.632,24.64
denser,0.82,90,0.025,1223,densest,20000,4,13.34,4.021,22.52
denser,0.82,90,0.05,2428,old,15100-20000,4,13.73,4.295,33.47
denser,0.82,90,0.05,2428,new,15100-20000,4,14.21,5.55,33.47
denser,0.82,90,0.05,2428,densest,20000,4,15.24,6.83,35.7
denser,0.82,90,0.1,4888,old,15100-20000,4,28.78,21.62,43.35
denser,0.82,90,0.1,4888,new,15100-20000,4,20.7,14.1,28.35
denser,0.82,90,0.1,4888,densest,20000,4,27.73,17.16,39.84
denser,0.82,90,0.15,7344,old,15100-20000,4,40.28,30.43,49.65
denser,0.82,90,0.15,7344,new,15100-20000,4,35.62,27.52,42.7
denser,0.82,90,0.15,7344,densest,20000,4,40.47,32.32,47.76
denser,0.82,90,0.2,9749,old,15100-20000,4,55.04,35.22,86.35
denser,0.82,90,0.2,9749,new,15100-20000,4,48.77,36.81,67.51
denser,0.82,90,0.2,9749,densest,20000,4,49.18,36.79,70.26
denser,0.82,90,0.3,14658,old,15100-20000,4,129,116.6,149.4
denser,0.82,90,0.3,14658,new,15100-20000,4,88.39,82.25,98.59
denser,0.82,90,0.3,14658,densest,20000,4,98.16,90.44,105
denser,0.82,90,0.4,19492,old,15100-20000,4,129,79.89,215.9
denser,0.82,90,0.4,19492,new,15100-20000,4,92.04,54.29,135.9
denser,0.82,90,0.4,19492,densest,20000,4,100.9,83.13,139.7
denser,0.82,90,0.6,29193,old,15100-20000,4,165.9,145.2,205.5
denser,0.82,90,0.6,29193,new,15100-20000,4,107,74.15,135.5
denser,0.82,90,0.6,29193,densest,20000,4,117.3,104.4,134.4
denser,0.82,90,0.8,38915,old,15100-20000,4,230.9,176.6,285.6
denser,0.82,90,0.8,38915,new,15100-20000,4,152.2,139.3,165.4
denser,0.82,90,0.8,38915,densest,20000,4,182.2,138.2,239.4
denser,0.82,90,1.2,58349,old,15100-20000,4,341.1,219.1,422.5
denser,0.82,90,1.2,58349,new,15100-20000,4,244.3,217,293.7
denser,0.82,90,1.2,58349,densest,20000,4,267.5,212.8,321.9
denser,0.82,90,1.6,77793,old,15100-20000,4,411.8,328.5,525.1
denser,0.82,90,1.6,77793,new,15100-20000,4,281.5,208.7,352.6
denser,0.82,90,1.6,77793,densest,20000,4,305.8,234.1,369
denser,0.82,90,2.4,116692,old,15100-20000,4,766.2,540.5,1160
denser,0.82,90,2.4,116692,new,15100-20000,4,493.2,341.6,643.4
denser,0.82,90,2.4,116692,densest,20000,4,507.7,350.6,702.9
denser,0.83,90,0.025,1223,old,15100-20000,4,8.142,3.938,12.33
denser,0.83,90,0.025,1223,new,15100-20000,4,8.298,4.995,12.33
denser,0.83,90,0.025,1223,densest,20000,4,10.62,4.486,15.78
denser,0.83,90,0.05,2428,old,15100-20000,4,16.71,7.843,33.27
denser,0.83,90,0.05,2428,new,15100-20000,4,16.35,7.843,31.85
denser,0.83,90,0.05,2428,densest,20000,4,18.53,8,39.62
denser,0.83,90,0.1,4888,old,15100-20000,4,19.37,11.4,30.68
denser,0.83,90,0.1,4888,new,15100-20000,4,18.38,7.404,36.79
denser,0.83,90,0.1,4888,densest,20000,4,21.63,11.23,41.71
denser,0.83,90,0.15,7344,old,15100-20000,4,29.33,15.13,47
denser,0.83,90,0.15,7344,new,15100-20000,4,21.96,14.68,29.98
denser,0.83,90,0.15,7344,densest,20000,4,26.06,10.27,42.49
denser,0.83,90,0.2,9749,old,15100-20000,4,55.75,37.98,69.18
denser,0.83,90,0.2,9749,new,15100-20000,4,42.73,35.18,53.11
denser,0.83,90,0.2,9749,densest,20000,4,43.43,26.63,56.83
denser,0.83,90,0.3,14658,old,15100-20000,4,83.32,55.93,107.8
denser,0.83,90,0.3,14658,new,15100-20000,4,64.41,35.2,82.85
denser,0.83,90,0.3,14658,densest,20000,4,69.72,39.72,90.19
denser,0.83,90,0.4,19492,old,15100-20000,4,85.43,50.98,138.4
denser,0.83,90,0.4,19492,new,15100-20000,4,73.19,59.94,97.99
denser,0.83,90,0.4,19492,densest,20000,4,70.23,49.51,96.43
denser,0.83,90,0.6,29193,old,15100-20000,4,161.8,127.9,195
denser,0.83,90,0.6,29193,new,15100-20000,4,98.89,71.66,129.1
denser,0.83,90,0.6,29193,densest,20000,4,104.9,79.52,169.1
denser,0.83,90,0.8,38915,old,15100-20000,4,231.1,159.6,402.5
denser,0.83,90,0.8,38915,new,15100-20000,4,148.4,94.26,233.1
denser,0.83,90,0.8,38915,densest,20000,4,166.8,113.4,251.7
denser,0.83,90,1.2,58349,old,15100-20000,4,346,221.4,462.4
denser,0.83,90,1.2,58349,new,15100-20000,4,195.7,135.9,265
denser,0.83,90,1.2,58349,densest,20000,4,230.2,174,274.1
denser,0.83,90,1.6,77793,old,15100-20000,4,459.5,347.5,604.8
denser,0.83,90,1.6,77793,new,15100-20000,4,278.9,184.1,402
denser,0.83,90,1.6,77793,densest,20000,4,279.8,202.6,326.7
denser,0.83,90,2.4,116692,old,15100-20000,4,741.9,548.1,1108
denser,0.83,90,2.4,116692,new,15100-20000,4,418.9,285.6,685.3
denser,0.83,90,2.4,116692,densest,20000,4,425.5,265,695.1
denser,0.84,90,0.025,1223,old,15100-20000,4,10.8,3.043,14.96
denser,0.84,90,0.025,1223,new,15100-20000,4,10.67,3.284,14.53
denser,0.84,90,0.025,1223,densest,20000,4,11.93,4.146,15.83
denser,0.84,90,0.05,2428,old,15100-20000,4,10.68,5.068,25.19
denser,0.84,90,0.05,2428,new,15100-20000,4,10.73,5.068,25.39
denser,0.84,90,0.05,2428,densest,20000,4,11.14,4.026,30.63
denser,0.84,90,0.1,4888,old,15100-20000,4,16.45,9.244,23.31
denser,0.84,90,0.1,4888,new,15100-20000,4,11.69,7.317,14.62
denser,0.84,90,0.1,4888,densest,20000,4,13.28,5.961,16.73
denser,0.84,90,0.15,7344,old,15100-20000,4,36.75,15.6,67.62
denser,0.84,90,0.15,7344,new,15100-20000,4,27.72,11.15,49.49
denser,0.84,90,0.15,7344,densest,20000,4,28.56,12.24,57.35
denser,0.84,90,0.2,9749,old,15100-20000,4,37.23,30.41,44.89
denser,0.84,90,0.2,9749,new,15100-20000,4,26.75,18.37,31.14
denser,0.84,90,0.2,9749,densest,20000,4,28.84,23.61,35.86
denser,0.84,90,0.3,14658,old,15100-20000,4,54.28,43.22,79.38
denser,0.84,90,0.3,14658,new,15100-20000,4,40.72,27.05,54.86
denser,0.84,90,0.3,14658,densest,20000,4,40.78,23.85,57.09
denser,0.84,90,0.4,19492,old,15100-20000,4,91.51,67.76,127.7
denser,0.84,90,0.4,19492,new,15100-20000,4,68.44,41.62,85.74
denser,0.84,90,0.4,19492,densest,20000,4,76.29,52.37,93.38
denser,0.84,90,0.6,29193,old,15100-20000,4,165.4,115.1,241.4
denser,0.84,90,0.6,29193,new,15100-20000,4,92.18,65.04,165.6
denser,0.84,90,0.6,29193,densest,20000,4,105.5,64.73,181.7
denser,0.84,90,0.8,38915,old,15100-20000,4,157.2,135.7,192.2
denser,0.84,90,0.8,38915,new,15100-20000,4,74.36,47.73,100.8
denser,0.84,90,0.8,38915,densest,20000,4,96.42,85.24,108.3
denser,0.84,90,1.2,58349,old,15100-20000,4,377.7,239.7,530.9
denser,0.84,90,1.2,58349,new,15100-20000,4,207.8,132.1,320.9
denser,0.84,90,1.2,58349,densest,20000,4,226.7,157.8,372.2
denser,0.84,90,1.6,77793,old,15100-20000,4,412.3,297,600.1
denser,0.84,90,1.6,77793,new,15100-20000,4,227.1,197.8,258.6
denser,0.84,90,1.6,77793,densest,20000,4,241,178.9,303.7
denser,0.84,90,2.4,116692,old,15100-20000,4,687.9,487.5,976.5
denser,0.84,90,2.4,116692,new,15100-20000,4,345.4,234.2,514.3
denser,0.84,90,2.4,116692,densest,20000,4,444.6,318.6,551.6
denser,0.85,90,0.025,1223,old,15100-20000,4,3.827,3.033,4.728
denser,0.85,90,0.025,1223,new,15100-20000,4,3.991,3.55,4.779
denser,0.85,90,0.025,1223,densest,20000,4,3.829,3.579,4.306
denser,0.85,90,0.05,2428,old,15100-20000,4,7.498,3.02,13.81
denser,0.85,90,0.05,2428,new,15100-20000,4,7.584,3.015,13.75
denser,0.85,90,0.05,2428,densest,20000,4,8.021,2.649,14.37
denser,0.85,90,0.1,4888,old,15100-20000,4,12.16,10.47,13.01
denser,0.85,90,0.1,4888,new,15100-20000,4,10.2,8.923,10.89
denser,0.85,90,0.1,4888,densest,20000,4,8.818,6.755,10.67
denser,0.85,90,0.15,7344,old,15100-20000,4,21.69,12.65,39.12
denser,0.85,90,0.15,7344,new,15100-20000,4,16.71,8.939,32.92
denser,0.85,90,0.15,7344,densest,20000,4,22.5,10.42,35.55
denser,0.85,90,0.2,9749,old,15100-20000,4,26.42,11.79,36.87
denser,0.85,90,0.2,9749,new,15100-20000,4,15.91,7.56,24.57
denser,0.85,90,0.2,9749,densest,20000,4,18.93,10.77,23.32
denser,0.85,90,0.3,14658,old,15100-20000,4,96.19,36.63,205
denser,0.85,90,0.3,14658,new,15100-20000,4,54.7,24.32,130.4
denser,0.85,90,0.3,14658,densest,20000,4,61.74,21.89,131.5
denser,0.85,90,0.4,19492,old,15100-20000,4,75.48,31.31,124.5
denser,0.85,90,0.4,19492,new,15100-20000,4,31.62,18.6,54.69
denser,0.85,90,0.4,19492,densest,20000,4,28.85,15.6,45.79
denser,0.85,90,0.6,29193,old,15100-20000,4,122.8,67.16,212.6
denser,0.85,90,0.6,29193,new,15100-20000,4,63.29,19.21,101.9
denser,0.85,90,0.6,29193,densest,20000,4,64.95,23.45,124.4
denser,0.85,90,0.8,38915,old,15100-20000,4,232.9,96.92,357.5
denser,0.85,90,0.8,38915,new,15100-20000,4,110.9,32.41,176.1
denser,0.85,90,0.8,38915,densest,20000,4,120.2,31.53,195.9
denser,0.85,90,1.2,58349,old,15100-20000,4,400.7,291.9,533.1
denser,0.85,90,1.2,58349,new,15100-20000,4,166.2,135.3,188.2
denser,0.85,90,1.2,58349,densest,20000,4,166.2,108.1,225.9
denser,0.85,90,1.6,77793,old,15100-20000,4,472.7,285.3,584
denser,0.85,90,1.6,77793,new,15100-20000,4,240.4,151.5,319.5
denser,0.85,90,1.6,77793,densest,20000,4,267.3,258.7,286.8
denser,0.85,90,2.4,116692,old,15100-20000,4,580,268.4,818.2
denser,0.85,90,2.4,116692,new,15100-20000,4,206.8,102.6,270
denser,0.85,90,2.4,116692,densest,20000,4,298.2,177.2,477.7
denser,0.86,90,0.025,1223,old,15100-20000,4,3.074,2.523,4.094
denser,0.86,90,0.025,1223,new,15100-20000,4,3.16,2.517,4.386
denser,0.86,90,0.025,1223,densest,20000,4,3.369,2.831,4
denser,0.86,90,0.05,2428,old,15100-20000,4,4.668,3.506,7.486
denser,0.86,90,0.05,2428,new,15100-20000,4,4.877,3.83,7.476
denser,0.86,90,0.05,2428,densest,20000,4,4.734,3.082,7.658
denser,0.86,90,0.1,4888,old,15100-20000,4,8.619,5.714,12.1
denser,0.86,90,0.1,4888,new,15100-20000,4,7.092,4.496,10.78
denser,0.86,90,0.1,4888,densest,20000,4,10.69,5.846,18.58
denser,0.86,90,0.15,7344,old,15100-20000,4,26.77,10.71,52.66
denser,0.86,90,0.15,7344,new,15100-20000,4,21.35,10.97,39.83
denser,0.86,90,0.15,7344,densest,20000,4,31.88,14.91,68.84
denser,0.86,90,0.2,9749,old,15100-20000,4,29.56,11.71,67.81
denser,0.86,90,0.2,9749,new,15100-20000,4,20.11,8.516,45.69
denser,0.86,90,0.2,9749,densest,20000,4,31.48,16.36,51.85
denser,0.86,90,0.3,14658,old,15100-20000,4,23.2,15.87,31.42
denser,0.86,90,0.3,14658,new,15100-20000,4,18.19,9.125,32.03
denser,0.86,90,0.3,14658,densest,20000,4,18.32,7.532,33.72
denser,0.86,90,0.4,19492,old,15100-20000,4,105.2,84.48,141.1
denser,0.86,90,0.4,19492,new,15100-20000,4,63.89,29.63,88.77
denser,0.86,90,0.4,19492,densest,20000,4,61.37,18.71,94.83
denser,0.86,90,0.6,29193,old,15100-20000,4,95.76,48.38,181.2
denser,0.86,90,0.6,29193,new,15100-20000,4,31.4,11.44,47.49
denser,0.86,90,0.6,29193,densest,20000,4,58.15,12.98,81.51
denser,0.86,90,0.8,38915,old,15100-20000,4,216.1,74.14,364.3
denser,0.86,90,0.8,38915,new,15100-20000,4,92.94,24.18,194.1
denser,0.86,90,0.8,38915,densest,20000,4,116.2,42.45,213.4
denser,0.86,90,1.2,58349,old,15100-20000,4,245,192.1,306.7
denser,0.86,90,1.2,58349,new,15100-20000,4,88.85,25.99,187.3
denser,0.86,90,1.2,58349,densest,20000,4,134.4,61.76,274
denser,0.86,90,1.6,77793,old,15100-20000,4,298.6,240.5,353.5
denser,0.86,90,1.6,77793,new,15100-20000,4,144.9,65.22,220.2
denser,0.86,90,1.6,77793,densest,20000,4,156.7,104.5,254.7
denser,0.86,90,2.4,116692,old,15100-20000,4,717.5,423.4,956.8
denser,0.86,90,2.4,116692,new,15100-20000,4,278.6,169.5,335.8
denser,0.86,90,2.4,116692,densest,20000,4,319,121.8,511.1
denser,0.87,90,0.025,1223,old,15100-20000,4,3.078,2.744,3.585
denser,0.87,90,0.025,1223,new,15100-20000,4,3.191,2.899,3.626
denser,0.87,90,0.025,1223,densest,20000,4,2.718,2.307,3.065
denser,0.87,90,0.05,2428,old,15100-20000,4,3.963,3.394,4.79
denser,0.87,90,0.05,2428,new,15100-20000,4,4.207,3.422,5.633
denser,0.87,90,0.05,2428,densest,20000,4,4.654,3,6.169
denser,0.87,90,0.1,4888,old,15100-20000,4,11.9,6.813,23.79
denser,0.87,90,0.1,4888,new,15100-20000,4,9.694,6.242,18.22
denser,0.87,90,0.1,4888,densest,20000,4,9.096,6.493,14.12
denser,0.87,90,0.15,7344,old,15100-20000,4,14.91,8.609,22.01
denser,0.87,90,0.15,7344,new,15100-20000,4,10.93,7.804,14.01
denser,0.87,90,0.15,7344,densest,20000,4,11.57,7.544,18.25
denser,0.87,90,0.2,9749,old,15100-20000,4,17.51,8.396,24.56
denser,0.87,90,0.2,9749,new,15100-20000,4,12.06,5.01,17.5
denser,0.87,90,0.2,9749,densest,20000,4,16.82,6.585,26.15
denser,0.87,90,0.3,14658,old,15100-20000,4,48.07,17.71,111.1
denser,0.87,90,0.3,14658,new,15100-20000,4,25.29,11.4,52.93
denser,0.87,90,0.3,14658,densest,20000,4,30.18,15.35,57.75
denser,0.87,90,0.4,19492,old,15100-20000,4,42.02,24.8,74.56
denser,0.87,90,0.4,19492,new,15100-20000,4,23.56,15.55,33.64
denser,0.87,90,0.4,19492,densest,20000,4,31.56,16.36,49.48
denser,0.87,90,0.6,29193,old,15100-20000,4,70.68,55.24,109.4
denser,0.87,90,0.6,29193,new,15100-20000,4,33.76,25.64,49.28
denser,0.87,90,0.6,29193,densest,20000,4,38.92,21.37,63.47
denser,0.87,90,0.8,38915,old,15100-20000,4,83.34,38,162.3
denser,0.87,90,0.8,38915,new,15100-20000,4,35.34,14.1,76.12
denser,0.87,90,0.8,38915,densest,20000,4,57.91,16.34,164.8
denser,0.87,90,1.2,58349,old,15100-20000,4,201.3,122.3,359.7
denser,0.87,90,1.2,58349,new,15100-20000,4,59.69,43.57,80.83
denser,0.87,90,1.2,58349,densest,20000,4,80.84,30.12,147.4
denser,0.87,90,1.6,77793,old,15100-20000,4,247.7,180.1,353.6
denser,0.87,90,1.6,77793,new,15100-20000,4,95.93,44.81,160.3
denser,0.87,90,1.6,77793,densest,20000,4,110.4,43.34,178.9
denser,0.87,90,2.4,116692,old,15100-20000,4,553.2,356,772.9
denser,0.87,90,2.4,116692,new,15100-20000,4,175.4,115.7,247.9
denser,0.87,90,2.4,116692,densest,20000,4,223.4,100.9,304.3
denser,0.88,90,0.025,1223,old,15100-20000,4,2.981,2.654,3.401
denser,0.88,90,0.025,1223,new,15100-20000,4,3.007,2.595,3.39
denser,0.88,90,0.025,1223,densest,20000,4,2.698,2.268,3.473
denser,0.88,90,0.05,2428,old,15100-20000,4,3.76,3.142,4.578
denser,0.88,90,0.05,2428,new,15100-20000,4,3.927,3.283,4.722
denser,0.88,90,0.05,2428,densest,20000,4,3.96,2.282,5.273
denser,0.88,90,0.1,4888,old,15100-20000,4,8.474,6.574,12.9
denser,0.88,90,0.1,4888,new,15100-20000,4,7.218,5.713,10.92
denser,0.88,90,0.1,4888,densest,20000,4,6.175,4.094,8.712
denser,0.88,90,0.15,7344,old,15100-20000,4,9.844,9.38,10.52
denser,0.88,90,0.15,7344,new,15100-20000,4,8.519,7.456,10.39
denser,0.88,90,0.15,7344,densest,20000,4,7.871,5.172,10.06
denser,0.88,90,0.2,9749,old,15100-20000,4,13.13,7.53,17.91
denser,0.88,90,0.2,9749,new,15100-20000,4,8.556,5.129,10.05
denser,0.88,90,0.2,9749,densest,20000,4,6.354,3.922,7.689
denser,0.88,90,0.3,14658,old,15100-20000,4,26.95,14.65,51.81
denser,0.88,90,0.3,14658,new,15100-20000,4,17.15,8.559,33.89
denser,0.88,90,0.3,14658,densest,20000,4,20.17,8.909,51.24
denser,0.88,90,0.4,19492,old,15100-20000,4,26.4,17.54,48.45
denser,0.88,90,0.4,19492,new,15100-20000,4,15.85,9.66,31.2
denser,0.88,90,0.4,19492,densest,20000,4,22.98,12.07,53.23
denser,0.88,90,0.6,29193,old,15100-20000,4,58.73,49.04,69.55
denser,0.88,90,0.6,29193,new,15100-20000,4,24.89,15.23,32.24
denser,0.88,90,0.6,29193,densest,20000,4,19.21,14.48,26.49
denser,0.88,90,0.8,38915,old,15100-20000,4,85.93,59.61,126.1
denser,0.88,90,0.8,38915,new,15100-20000,4,49.4,34.15,76.63
denser,0.88,90,0.8,38915,densest,20000,4,54.68,35.71,85.27
denser,0.88,90,1.2,58349,old,15100-20000,4,126.4,48.87,183.1
denser,0.88,90,1.2,58349,new,15100-20000,4,50.01,14.55,85.51
denser,0.88,90,1.2,58349,densest,20000,4,60.25,47.95,72.9
denser,0.88,90,1.6,77793,old,15100-20000,4,153.6,123,174.8
denser,0.88,90,1.6,77793,new,15100-20000,4,58.65,43.06,71.86
denser,0.88,90,1.6,77793,densest,20000,4,70.58,41.78,95.08
denser,0.88,90,2.4,116692,old,15100-20000,4,292.8,165.2,452.8
denser,0.88,90,2.4,116692,new,15100-20000,4,88.91,81.15,99.17
denser,0.88,90,2.4,116692,densest,20000,4,156.4,47.12,255.2
denser,0.89,90,0.025,1223,old,15100-20000,4,3.208,3.072,3.385
denser,0.89,90,0.025,1223,new,15100-20000,4,3.251,3.108,3.378
denser,0.89,90,0.025,1223,densest,20000,4,3.203,2.334,4.526
denser,0.89,90,0.05,2428,old,15100-20000,4,3.261,2.652,3.843
denser,0.89,90,0.05,2428,new,15100-20000,4,3.394,2.8,3.98
denser,0.89,90,0.05,2428,densest,20000,4,3.391,3.11,3.839
denser,0.89,90,0.1,4888,old,15100-20000,4,6.052,4.641,7.78
denser,0.89,90,0.1,4888,new,15100-20000,4,4.897,3.651,6.033
denser,0.89,90,0.1,4888,densest,20000,4,6.764,3.678,11.93
denser,0.89,90,0.15,7344,old,15100-20000,4,7.153,5.253,9.157
denser,0.89,90,0.15,7344,new,15100-20000,4,5.905,4.614,7.445
denser,0.89,90,0.15,7344,densest,20000,4,6.25,3,10.64
denser,0.89,90,0.2,9749,old,15100-20000,4,9.583,8.021,12.91
denser,0.89,90,0.2,9749,new,15100-20000,4,6.825,5.632,9.655
denser,0.89,90,0.2,9749,densest,20000,4,6.34,5.415,7.649
denser,0.89,90,0.3,14658,old,15100-20000,4,13.61,8.923,19.3
denser,0.89,90,0.3,14658,new,15100-20000,4,9.922,5.283,18.31
denser,0.89,90,0.3,14658,densest,20000,4,8.582,4.206,12.64
denser,0.89,90,0.4,19492,old,15100-20000,4,53.6,16.1,136.2
denser,0.89,90,0.4,19492,new,15100-20000,4,18.63,10.07,31.35
denser,0.89,90,0.4,19492,densest,20000,4,25.47,8.411,63.59
denser,0.89,90,0.6,29193,old,15100-20000,4,44.85,24.43,65.45
denser,0.89,90,0.6,29193,new,15100-20000,4,20.36,12.09,25.54
denser,0.89,90,0.6,29193,densest,20000,4,23.74,8.489,44.57
denser,0.89,90,0.8,38915,old,15100-20000,4,87.61,50.81,153.8
denser,0.89,90,0.8,38915,new,15100-20000,4,34.31,13.52,54.26
denser,0.89,90,0.8,38915,densest,20000,4,27.63,23.62,29.3
denser,0.89,90,1.2,58349,old,15100-20000,4,162.7,81.78,269.2
denser,0.89,90,1.2,58349,new,15100-20000,4,67.33,36.59,114.7
denser,0.89,90,1.2,58349,densest,20000,4,30.55,27.57,37.86
denser,0.89,90,1.6,77793,old,15100-20000,4,192.4,191.4,194.5
denser,0.89,90,1.6,77793,new,15100-20000,4,62.75,47.32,74.71
denser,0.89,90,1.6,77793,densest,20000,4,44.37,27.89,66.54
denser,0.89,90,2.4,116692,old,15100-20000,4,293.3,95.82,561.2
denser,0.89,90,2.4,116692,new,15100-20000,4,85.83,22.94,136.1
denser,0.89,90,2.4,116692,densest,20000,4,81.91,19.27,130.9
denser,0.9,90,0.025,1225,old,15100-20000,5,2.734,2.37,2.9
denser,0.9,90,0.025,1225,new,15100-20000,5,2.833,2.488,3.01
denser,0.9,90,0.025,1225,densest,20000,5,3.09,2.7,3.824
denser,0.9,90,0.05,2436,old,15100-20000,5,3.656,3.143,4.019
denser,0.9,90,0.05,2436,new,15100-20000,5,3.767,3.282,4.291
denser,0.9,90,0.05,2436,densest,20000,5,4.389,3,7.398
denser,0.9,90,0.1,4905,old,15100-20000,5,5.132,4.628,5.958
denser,0.9,90,0.1,4905,new,15100-20000,5,4.106,3.762,4.398
denser,0.9,90,0.1,4905,densest,20000,5,5.571,3,9.781
denser,0.9,90,0.15,7357,old,15100-20000,5,5.994,4.911,7.587
denser,0.9,90,0.15,7357,new,15100-20000,5,4.979,4.006,6.225
denser,0.9,90,0.15,7357,densest,20000,5,5.042,3.699,6.404
denser,0.9,90,0.2,9761,old,15100-20000,5,9.847,8.6,13.27
denser,0.9,90,0.2,9761,new,15100-20000,5,7.036,5.673,9.238
denser,0.9,90,0.2,9761,densest,20000,5,7.616,5.867,11.07
denser,0.9,90,0.3,14639,old,15100-20000,5,10.85,8.956,13.2
denser,0.9,90,0.3,14639,new,15100-20000,5,6.855,5.355,8.04
denser,0.9,90,0.3,14639,densest,20000,5,7.429,5.233,11.09
denser,0.9,90,0.4,19486,old,15100-20000,5,17.96,15.19,23.35
denser,0.9,90,0.4,19486,new,15100-20000,5,10.02,8.392,13.46
denser,0.9,90,0.4,19486,densest,20000,5,9.324,7.96,10.05
denser,0.9,90,0.6,29184,old,15100-20000,5,37.65,21.37,66.81
denser,0.9,90,0.6,29184,new,15100-20000,5,15.36,11.04,22.32
denser,0.9,90,0.6,29184,densest,20000,5,19.06,8.16,41.27
denser,0.9,90,0.8,38899,old,15100-20000,5,39.27,24.94,52.19
denser,0.9,90,0.8,38899,new,15100-20000,5,19.38,10.95,30.26
denser,0.9,90,0.8,38899,densest,20000,5,21.22,9.074,34.81
denser,0.9,90,1.2,58361,old,15100-20000,5,129.1,50.95,213.5
denser,0.9,90,1.2,58361,new,15100-20000,5,41.89,20.71,62.46
denser,0.9,90,1.2,58361,densest,20000,5,29.72,12.71,50.14
denser,0.9,90,1.6,77784,old,15100-20000,5,106.5,33.93,153
denser,0.9,90,1.6,77784,new,15100-20000,5,40.62,10.44,63.12
denser,0.9,90,1.6,77784,densest,20000,5,51.63,9.875,106.6
denser,0.9,90,2.4,116686,old,15100-20000,5,203.5,106.9,295.3
denser,0.9,90,2.4,116686,new,15100-20000,5,52.72,18.45,80.14
denser,0.9,90,2.4,116686,densest,20000,5,54.9,15.21,88.05
denser,0.92,90,0.025,1223,old,15100-20000,4,2.398,2.276,2.466
denser,0.92,90,0.025,1223,new,15100-20000,4,2.46,2.434,2.5
denser,0.92,90,0.025,1223,densest,20000,4,2.706,2.395,3
denser,0.92,90,0.05,2428,old,15100-20000,4,3.033,2.78,3.474
denser,0.92,90,0.05,2428,new,15100-20000,4,3.206,3.012,3.516
denser,0.92,90,0.05,2428,densest,20000,4,3.542,2.5,5.099
denser,0.92,90,0.1,4888,old,15100-20000,4,5.061,4.39,6.086
denser,0.92,90,0.1,4888,new,15100-20000,4,4.052,3.335,5.06
denser,0.92,90,0.1,4888,densest,20000,4,4.372,3.199,5.425
denser,0.92,90,0.15,7344,old,15100-20000,4,5.607,3.947,7.264
denser,0.92,90,0.15,7344,new,15100-20000,4,4.573,3.095,5.808
denser,0.92,90,0.15,7344,densest,20000,4,6.507,3,11.61
denser,0.92,90,0.2,9749,old,15100-20000,4,9.773,8.474,11.52
denser,0.92,90,0.2,9749,new,15100-20000,4,6.665,5.918,7.935
denser,0.92,90,0.2,9749,densest,20000,4,9.545,5.992,17.55
denser,0.92,90,0.3,14658,old,15100-20000,4,10.31,8.301,13.52
denser,0.92,90,0.3,14658,new,15100-20000,4,6.414,5.264,8.504
denser,0.92,90,0.3,14658,densest,20000,4,8.946,6.915,12.36
denser,0.92,90,0.4,19492,old,15100-20000,4,13.82,11.71,15.36
denser,0.92,90,0.4,19492,new,15100-20000,4,8.009,6.873,8.871
denser,0.92,90,0.4,19492,densest,20000,4,7.496,5.761,8.487
denser,0.92,90,0.6,29193,old,15100-20000,4,22.1,20.63,22.93
denser,0.92,90,0.6,29193,new,15100-20000,4,11.23,10.76,11.61
denser,0.92,90,0.6,29193,densest,20000,4,10.88,7.913,12.09
denser,0.92,90,0.8,38915,old,15100-20000,4,28.87,12.39,53.89
denser,0.92,90,0.8,38915,new,15100-20000,4,15.11,4.964,31.98
denser,0.92,90,0.8,38915,densest,20000,4,16.3,4.911,34.96
denser,0.92,90,1.2,58349,old,15100-20000,4,51.02,48.52,58.19
denser,0.92,90,1.2,58349,new,15100-20000,4,23.71,21.48,30.27
denser,0.92,90,1.2,58349,densest,20000,4,24.43,20.39,34.89
denser,0.92,90,1.6,77793,old,15100-20000,4,54.42,23,79.14
denser,0.92,90,1.6,77793,new,15100-20000,4,21.76,9.621,29.75
denser,0.92,90,1.6,77793,densest,20000,4,19.81,9.61,30.39
denser,0.92,90,2.4,116692,old,15100-20000,4,176.9,38.12,530.5
denser,0.92,90,2.4,116692,new,15100-20000,4,33.94,14.41,78.7
denser,0.92,90,2.4,116692,densest,20000,4,81.81,14.41,279.3
denser,0.94,90,0.025,1223,old,15100-20000,4,2.24,2.172,2.379
denser,0.94,90,0.025,1223,new,15100-20000,4,2.289,2.218,2.433
denser,0.94,90,0.025,1223,densest,20000,4,3.163,2.151,5
denser,0.94,90,0.05,2428,old,15100-20000,4,2.799,2.757,2.874
denser,0.94,90,0.05,2428,new,15100-20000,4,2.895,2.795,3.032
denser,0.94,90,0.05,2428,densest,20000,4,3.017,3,3.069
denser,0.94,90,0.1,4888,old,15100-20000,4,4.729,4.056,5.367
denser,0.94,90,0.1,4888,new,15100-20000,4,3.766,3.124,4.333
denser,0.94,90,0.1,4888,densest,20000,4,3.439,2.89,4.17
denser,0.94,90,0.15,7344,old,15100-20000,4,5.359,5.285,5.457
denser,0.94,90,0.15,7344,new,15100-20000,4,4.321,4.156,4.617
denser,0.94,90,0.15,7344,densest,20000,4,4.116,3.229,4.706
denser,0.94,90,0.2,9749,old,15100-20000,4,8.529,7.547,9.972
denser,0.94,90,0.2,9749,new,15100-20000,4,5.937,5.225,6.976
denser,0.94,90,0.2,9749,densest,20000,4,5.764,4.627,7.9
denser,0.94,90,0.3,14658,old,15100-20000,4,8.927,8.267,10.49
denser,0.94,90,0.3,14658,new,15100-20000,4,5.603,4.782,6.425
denser,0.94,90,0.3,14658,densest,20000,4,5.795,4.965,7.091
denser,0.94,90,0.4,19492,old,15100-20000,4,13.51,11.52,16.66
denser,0.94,90,0.4,19492,new,15100-20000,4,7.833,6.401,10.24
denser,0.94,90,0.4,19492,densest,20000,4,7.538,5.289,12.69
denser,0.94,90,0.6,29193,old,15100-20000,4,16.36,11.02,18.28
denser,0.94,90,0.6,29193,new,15100-20000,4,8.045,4.781,9.372
denser,0.94,90,0.6,29193,densest,20000,4,8.364,3.885,11.11
denser,0.94,90,0.8,38915,old,15100-20000,4,16.12,11.23,23.18
denser,0.94,90,0.8,38915,new,15100-20000,4,7.781,4.861,12.35
denser,0.94,90,0.8,38915,densest,20000,4,6.319,4.86,10.05
denser,0.94,90,1.2,58349,old,15100-20000,4,21.7,16.77,35.78
denser,0.94,90,1.2,58349,new,15100-20000,4,9.693,7.197,17.12
denser,0.94,90,1.2,58349,densest,20000,4,9.686,7.195,17.11
denser,0.94,90,1.6,77793,old,15100-20000,4,60.31,46.63,94.05
denser,0.94,90,1.6,77793,new,15100-20000,4,27.27,22.54,41.24
denser,0.94,90,1.6,77793,densest,20000,4,32.54,22.27,62.98
denser,0.94,90,2.4,116692,old,15100-20000,4,59.82,32.79,90.88
denser,0.94,90,2.4,116692,new,15100-20000,4,19.41,14.4,33
denser,0.94,90,2.4,116692,densest,20000,4,19.48,14.4,32.81
denser,0.96,90,0.025,1223,old,15100-20000,4,2.136,2.054,2.18
denser,0.96,90,0.025,1223,new,15100-20000,4,2.199,2.086,2.29
denser,0.96,90,0.025,1223,densest,20000,4,3.018,2.071,4
denser,0.96,90,0.05,2428,old,15100-20000,4,2.661,2.409,3.047
denser,0.96,90,0.05,2428,new,15100-20000,4,2.705,2.496,3.106
denser,0.96,90,0.05,2428,densest,20000,4,2.985,2.901,3.038
denser,0.96,90,0.1,4888,old,15100-20000,4,4.287,3.977,4.97
denser,0.96,90,0.1,4888,new,15100-20000,4,3.377,2.997,4.025
denser,0.96,90,0.1,4888,densest,20000,4,3.844,3.108,5
denser,0.96,90,0.15,7344,old,15100-20000,4,5.531,4.743,6.328
denser,0.96,90,0.15,7344,new,15100-20000,4,4.352,3.738,5.053
denser,0.96,90,0.15,7344,densest,20000,4,3.96,2.938,6.404
denser,0.96,90,0.2,9749,old,15100-20000,4,7.578,6.749,8.954
denser,0.96,90,0.2,9749,new,15100-20000,4,5.1,4.479,6.265
denser,0.96,90,0.2,9749,densest,20000,4,5.734,3.876,7.388
denser,0.96,90,0.3,14658,old,15100-20000,4,9.963,7.978,13.52
denser,0.96,90,0.3,14658,new,15100-20000,4,6.143,5.251,8.4
denser,0.96,90,0.3,14658,densest,20000,4,6.647,4.703,7.731
denser,0.96,90,0.4,19492,old,15100-20000,4,12.15,9.908,14.58
denser,0.96,90,0.4,19492,new,15100-20000,4,6.908,5.627,8.255
denser,0.96,90,0.4,19492,densest,20000,4,7.793,6.131,11.28
denser,0.96,90,0.6,29193,old,15100-20000,4,14.63,8.985,18.06
denser,0.96,90,0.6,29193,new,15100-20000,4,6.677,3.725,8.498
denser,0.96,90,0.6,29193,densest,20000,4,6.529,3.714,8.977
denser,0.96,90,0.8,38915,old,15100-20000,4,15.32,11.42,19.28
denser,0.96,90,0.8,38915,new,15100-20000,4,7.561,4.864,10.34
denser,0.96,90,0.8,38915,densest,20000,4,8.074,4.855,12.64
denser,0.96,90,1.2,58349,old,15100-20000,4,24.21,18.3,29.78
denser,0.96,90,1.2,58349,new,15100-20000,4,11.16,7.648,14.62
denser,0.96,90,1.2,58349,densest,20000,4,10.82,7.243,14.54
denser,0.96,90,1.6,77793,old,15100-20000,4,30.92,21.8,40.19
denser,0.96,90,1.6,77793,new,15100-20000,4,14.09,9.605,18.6
denser,0.96,90,1.6,77793,densest,20000,4,14.12,9.604,19.11
denser,0.96,90,2.4,116692,old,15100-20000,4,45.96,31.41,60.24
denser,0.96,90,2.4,116692,new,15100-20000,4,20.65,14.4,26.91
denser,0.96,90,2.4,116692,densest,20000,4,20.57,14.4,26.81
denser,0.98,90,0.025,1223,old,15100-20000,4,1.977,1.907,2.03
denser,0.98,90,0.025,1223,new,15100-20000,4,2.009,1.978,2.054
denser,0.98,90,0.025,1223,densest,20000,4,2.546,2.184,3
denser,0.98,90,0.05,2428,old,15100-20000,4,2.39,2.298,2.492
denser,0.98,90,0.05,2428,new,15100-20000,4,2.447,2.367,2.519
denser,0.98,90,0.05,2428,densest,20000,4,3.25,3,4
denser,0.98,90,0.1,4888,old,15100-20000,4,3.66,3.365,4.102
denser,0.98,90,0.1,4888,new,15100-20000,4,2.788,2.54,3.193
denser,0.98,90,0.1,4888,densest,20000,4,2.911,2.619,3.025
denser,0.98,90,0.15,7344,old,15100-20000,4,4.306,3.622,5.021
denser,0.98,90,0.15,7344,new,15100-20000,4,3.278,2.727,3.91
denser,0.98,90,0.15,7344,densest,20000,4,3.36,3,4.278
denser,0.98,90,0.2,9749,old,15100-20000,4,7.182,6.603,7.778
denser,0.98,90,0.2,9749,new,15100-20000,4,4.71,4.156,5.288
denser,0.98,90,0.2,9749,densest,20000,4,4.491,3.125,5.886
denser,0.98,90,0.3,14658,old,15100-20000,4,8.598,7.482,9.985
denser,0.98,90,0.3,14658,new,15100-20000,4,5.211,4.591,5.91
denser,0.98,90,0.3,14658,densest,20000,4,4.974,4.642,5.395
denser,0.98,90,0.4,19492,old,15100-20000,4,11.84,11.36,12.13
denser,0.98,90,0.4,19492,new,15100-20000,4,6.696,6.326,7.048
denser,0.98,90,0.4,19492,densest,20000,4,9.184,5.837,13.84
denser,0.98,90,0.6,29193,old,15100-20000,4,10.6,9.121,12.35
denser,0.98,90,0.6,29193,new,15100-20000,4,4.839,3.717,6.562
denser,0.98,90,0.6,29193,densest,20000,4,3.845,3.723,4.088
denser,0.98,90,0.8,38915,old,15100-20000,4,16.5,11.08,23.71
denser,0.98,90,0.8,38915,new,15100-20000,4,7.471,4.846,10.15
denser,0.98,90,0.8,38915,densest,20000,4,7.074,4.844,10.64
denser,0.98,90,1.2,58349,old,15100-20000,4,16.76,16.66,16.9
denser,0.98,90,1.2,58349,new,15100-20000,4,7.214,7.187,7.233
denser,0.98,90,1.2,58349,densest,20000,4,7.21,7.187,7.228
denser,0.98,90,1.6,77793,old,15100-20000,4,22.88,22.35,23.61
denser,0.98,90,1.6,77793,new,15100-20000,4,9.605,9.603,9.609
denser,0.98,90,1.6,77793,densest,20000,4,9.604,9.602,9.608
denser,0.98,90,2.4,116692,old,15100-20000,4,44,31.23,56.08
denser,0.98,90,2.4,116692,new,15100-20000,4,20.5,14.4,26.6
denser,0.98,90,2.4,116692,densest,20000,4,20.35,14.4,26.53
denser,1,90,0.025,1225,old,15100-20000,5,1.904,1.888,1.933
denser,1,90,0.025,1225,new,15100-20000,5,1.928,1.903,1.977
denser,1,90,0.025,1225,densest,20000,5,2.6,2,3
denser,1,90,0.05,2436,old,15100-20000,5,2.226,2.147,2.292
denser,1,90,0.05,2436,new,15100-20000,5,2.298,2.213,2.355
denser,1,90,0.05,2436,densest,20000,5,2.913,2.015,4
denser,1,90,0.1,4905,old,15100-20000,5,3.411,3.015,3.803
denser,1,90,0.1,4905,new,15100-20000,5,2.491,2.2,2.832
denser,1,90,0.1,4905,densest,20000,5,2.867,2.333,3
denser,1,90,0.15,7357,old,15100-20000,5,3.957,3.454,4.666
denser,1,90,0.15,7357,new,15100-20000,5,3.058,2.696,3.634
denser,1,90,0.15,7357,densest,20000,5,3.6,2.845,5
denser,1,90,0.2,9761,old,15100-20000,5,5.288,4.839,5.624
denser,1,90,0.2,9761,new,15100-20000,5,3.316,3.013,3.646
denser,1,90,0.2,9761,densest,20000,5,3.327,2.804,4
denser,1,90,0.3,14639,old,15100-20000,5,7.079,6.627,7.952
denser,1,90,0.3,14639,new,15100-20000,5,4.276,4.177,4.501
denser,1,90,0.3,14639,densest,20000,5,4.379,4.119,4.915
denser,1,90,0.4,19486,old,15100-20000,5,8.015,6.077,8.605
denser,1,90,0.4,19486,new,15100-20000,5,4.737,2.721,5.318
denser,1,90,0.4,19486,densest,20000,5,4.609,2.668,5.126
denser,1,90,0.6,29184,old,15100-20000,5,12.77,11.58,13.17
denser,1,90,0.6,29184,new,15100-20000,5,7.072,5.528,7.498
denser,1,90,0.6,29184,densest,20000,5,6.625,3.885,7.436
denser,1,90,0.8,38899,old,15100-20000,5,13.9,11.21,16.94
denser,1,90,0.8,38899,new,15100-20000,5,6.941,4.843,9.528
denser,1,90,0.8,38899,densest,20000,5,6.711,4.84,9.684
denser,1,90,1.2,58361,old,15100-20000,5,19.85,16.45,25.15
denser,1,90,1.2,58361,new,15100-20000,5,9.627,7.186,13.45
denser,1,90,1.2,58361,densest,20000,5,9.623,7.187,13.58
denser,1,90,1.6,77784,old,15100-20000,5,26.99,22.95,33.21
denser,1,90,1.6,77784,new,15100-20000,5,12.53,9.602,17.09
denser,1,90,1.6,77784,densest,20000,5,12.47,9.602,17.13
denser,1,90,2.4,116686,old,15100-20000,5,44.03,31.42,48.58
denser,1,90,2.4,116686,new,15100-20000,5,21.51,14.4,24.12
denser,1,90,2.4,116686,densest,20000,5,20.13,14.4,24.21
larger,0,60,0.4,8629,old,15100-20000,5,135,71.07,254.4
larger,0,60,0.4,8629,old,60100-80000,5,134.9,71.07,254.4
larger,0,60,0.4,8629,new,15100-20000,5,126.9,66.92,226.4
larger,0,60,0.4,8629,new,60100-80000,5,126.9,66.92,226.4
larger,0,60,0.4,8629,densest,20000,5,182,72.08,237
larger,0,60,0.4,8629,densest,60000+80000,5,182,72.08,237
larger,0,90,0.4,19486,old,15100-20000,5,267.7,168.9,381.1
larger,0,90,0.4,19486,old,60100-80000,5,267.7,168.9,381.1
larger,0,90,0.4,19486,new,15100-20000,5,257.4,159.3,357.4
larger,0,90,0.4,19486,new,60100-80000,5,257,159.3,357.4
larger,0,90,0.4,19486,densest,20000,5,266.2,159.3,357.4
larger,0,90,0.4,19486,densest,60000+80000,5,263.2,159.3,357.4
larger,0,120,0.4,34636,old,15100-20000,5,344.6,215,505.8
larger,0,120,0.4,34636,old,60100-80000,5,344.6,214.9,505.8
larger,0,120,0.4,34636,new,15100-20000,5,354.8,234.6,505.8
larger,0,120,0.4,34636,new,60100-80000,5,354.9,234.6,505.8
larger,0,120,0.4,34636,densest,20000,5,371.6,278.9,505.8
larger,0,120,0.4,34636,densest,60000+80000,5,373.8,280.2,505.8
larger,0,180,0.4,77765,old,15100-20000,5,530.8,418.1,677.1
larger,0,180,0.4,77765,old,60100-80000,5,530.9,418.5,677.1
larger,0,180,0.4,77765,new,15100-20000,5,555.4,422.9,677.1
larger,0,180,0.4,77765,new,60100-80000,5,555.4,422.9,677.1
larger,0,180,0.4,77765,densest,20000,5,561.5,453.1,677.1
larger,0,180,0.4,77765,densest,60000+80000,5,561.5,453.1,677.1
larger,0,240,0.4,138124,old,15100-20000,5,887.4,384.1,1623
larger,0,240,0.4,138124,old,60100-80000,5,887.4,384.1,1623
larger,0,240,0.4,138124,new,15100-20000,5,863.6,451.8,1585
larger,0,240,0.4,138124,new,60100-80000,5,817.2,451.8,1353
larger,0,240,0.4,138124,densest,20000,5,963.5,701.2,1476
larger,0,240,0.4,138124,densest,60000+80000,5,938.9,701.2,1353
larger,0,360,0.4,310812,old,15100-20000,3,1074,844,1401
larger,0,360,0.4,310812,old,60100-80000,3,1072,844,1397
larger,0,360,0.4,310812,new,15100-20000,3,906.1,777.8,976.1
larger,0,360,0.4,310812,new,60100-80000,3,906.1,777.8,976.1
larger,0,360,0.4,310812,densest,20000,3,1208,1022,1412
larger,0,360,0.4,310812,densest,60000+80000,3,1208,1022,1412
larger,0,480,0.4,552678,old,15100-20000,3,1529,1091,1829
larger,0,480,0.4,552678,old,60100-80000,3,1529,1091,1829
larger,0,480,0.4,552678,new,15100-20000,3,1743,1537,2025
larger,0,480,0.4,552678,new,60100-80000,3,1734,1537,2025
larger,0,480,0.4,552678,densest,20000,3,2056,1829,2314
larger,0,480,0.4,552678,densest,60000+80000,3,2020,1722,2314
larger,0.5,60,0.4,8629,old,15100-20000,5,122.1,51.28,183.9
larger,0.5,60,0.4,8629,old,60100-80000,5,124.7,51.28,195.9
larger,0.5,60,0.4,8629,new,15100-20000,5,116.5,79.6,183.9
larger,0.5,60,0.4,8629,new,60100-80000,5,116.3,79.63,183.9
larger,0.5,60,0.4,8629,densest,20000,5,117.9,81.86,183.9
larger,0.5,60,0.4,8629,densest,60000+80000,5,123.2,81.86,183.9
larger,0.5,90,0.4,19486,old,15100-20000,5,181,127,269.9
larger,0.5,90,0.4,19486,old,60100-80000,5,179.7,126.8,270.1
larger,0.5,90,0.4,19486,new,15100-20000,5,171.8,110.1,250.1
larger,0.5,90,0.4,19486,new,60100-80000,5,175.1,115.8,249.4
larger,0.5,90,0.4,19486,densest,20000,5,195.3,133.5,249.2
larger,0.5,90,0.4,19486,densest,60000+80000,5,193.1,133.5,249.4
larger,0.5,120,0.4,34636,old,15100-20000,5,431.1,189.9,641.6
larger,0.5,120,0.4,34636,old,60100-80000,5,431.1,189.9,641.6
larger,0.5,120,0.4,34636,new,15100-20000,5,442.5,167.2,641.6
larger,0.5,120,0.4,34636,new,60100-80000,5,442.4,167.1,641.6
larger,0.5,120,0.4,34636,densest,20000,5,464.5,277.4,641.6
larger,0.5,120,0.4,34636,densest,60000+80000,5,469.3,277.4,641.6
larger,0.5,180,0.4,77765,old,15100-20000,5,451.2,306.5,732.1
larger,0.5,180,0.4,77765,old,60100-80000,5,456,306.4,732.1
larger,0.5,180,0.4,77765,new,15100-20000,5,428.7,295.9,683.4
larger,0.5,180,0.4,77765,new,60100-80000,5,426.6,277.5,683.4
larger,0.5,180,0.4,77765,densest,20000,5,572.5,389,1165
larger,0.5,180,0.4,77765,densest,60000+80000,5,565.9,389.5,1165
larger,0.5,240,0.4,138124,old,15100-20000,5,639.3,487.4,856.9
larger,0.5,240,0.4,138124,old,60100-80000,5,638.9,487.4,856.9
larger,0.5,240,0.4,138124,new,15100-20000,5,601.2,504.3,735
larger,0.5,240,0.4,138124,new,60100-80000,5,601.5,504.4,735
larger,0.5,240,0.4,138124,densest,20000,5,610.7,506.4,735
larger,0.5,240,0.4,138124,densest,60000+80000,5,605.4,498.1,735
larger,0.5,360,0.4,310812,old,15100-20000,3,1400,1091,1810
larger,0.5,360,0.4,310812,old,60100-80000,3,1400,1091,1810
larger,0.5,360,0.4,310812,new,15100-20000,3,1152,499.5,1810
larger,0.5,360,0.4,310812,new,60100-80000,3,1152,499.4,1810
larger,0.5,360,0.4,310812,densest,20000,3,1430,1091,1810
larger,0.5,360,0.4,310812,densest,60000+80000,3,1418,1057,1810
larger,0.5,480,0.4,552678,old,15100-20000,3,1702,1298,2170
larger,0.5,480,0.4,552678,old,60100-80000,3,1702,1298,2170
larger,0.5,480,0.4,552678,new,15100-20000,3,1241,901.5,1684
larger,0.5,480,0.4,552678,new,60100-80000,3,1241,901.5,1684
larger,0.5,480,0.4,552678,densest,20000,3,2409,1298,3940
larger,0.5,480,0.4,552678,densest,60000+80000,3,2409,1298,3940
larger,0.8,60,0.4,8629,old,15100-20000,5,99.24,58.45,149.7
larger,0.8,60,0.4,8629,old,60100-80000,5,123.4,82.96,161.1
larger,0.8,60,0.4,8629,new,15100-20000,5,72.91,41.31,116.3
larger,0.8,60,0.4,8629,new,60100-80000,5,90.55,74.02,122.5
larger,0.8,60,0.4,8629,densest,20000,5,79.57,42.16,127.1
larger,0.8,60,0.4,8629,densest,60000+80000,5,96.68,73.37,128.2
larger,0.8,90,0.4,19486,old,15100-20000,5,140.5,90.87,195.8
larger,0.8,90,0.4,19486,old,60100-80000,5,169.9,122,215.2
larger,0.8,90,0.4,19486,new,15100-20000,5,103.8,75.87,137.6
larger,0.8,90,0.4,19486,new,60100-80000,5,135,107.6,167.2
larger,0.8,90,0.4,19486,densest,20000,5,108.4,78.33,153.9
larger,0.8,90,0.4,19486,densest,60000+80000,5,135.3,106,165
larger,0.8,120,0.4,34636,old,15100-20000,5,157.4,105.6,198.5
larger,0.8,120,0.4,34636,old,60100-80000,5,150.4,94.87,190.9
larger,0.8,120,0.4,34636,new,15100-20000,5,124,77.99,150.2
larger,0.8,120,0.4,34636,new,60100-80000,5,141.5,103.3,191.2
larger,0.8,120,0.4,34636,densest,20000,5,131.7,85.63,156.1
larger,0.8,120,0.4,34636,densest,60000+80000,5,146.8,101.9,190.9
larger,0.8,180,0.4,77765,old,15100-20000,5,268,164.6,422.1
larger,0.8,180,0.4,77765,old,60100-80000,5,282.8,159.6,425.5
larger,0.8,180,0.4,77765,new,15100-20000,5,191.3,88.82,324.5
larger,0.8,180,0.4,77765,new,60100-80000,5,218.1,124.2,347.7
larger,0.8,180,0.4,77765,densest,20000,5,219.8,135.3,334.9
larger,0.8,180,0.4,77765,densest,60000+80000,5,239.7,128.6,362.6
larger,0.8,240,0.4,138124,old,15100-20000,5,356.2,337.9,391.1
larger,0.8,240,0.4,138124,old,60100-80000,5,370,328.2,412
larger,0.8,240,0.4,138124,new,15100-20000,5,275.6,260.5,303.9
larger,0.8,240,0.4,138124,new,60100-80000,5,293,259.9,328
larger,0.8,240,0.4,138124,densest,20000,5,330.6,257.3,512.8
larger,0.8,240,0.4,138124,densest,60000+80000,5,372.2,263.4,587.5
larger,0.8,360,0.4,310812,old,15100-20000,3,951.3,544.1,1478
larger,0.8,360,0.4,310812,old,60100-80000,3,962,572,1519
larger,0.8,360,0.4,310812,new,15100-20000,3,482.1,420.2,586.7
larger,0.8,360,0.4,310812,new,60100-80000,3,481.9,415.8,597
larger,0.8,360,0.4,310812,densest,20000,3,858.5,443.3,1150
larger,0.8,360,0.4,310812,densest,60000+80000,3,940.4,435.9,1220
larger,0.8,480,0.4,552678,old,15100-20000,3,1024,789.3,1215
larger,0.8,480,0.4,552678,old,60100-80000,3,995.1,737.4,1136
larger,0.8,480,0.4,552678,new,15100-20000,3,740.7,590.4,818.6
larger,0.8,480,0.4,552678,new,60100-80000,3,781.3,579.5,914.7
larger,0.8,480,0.4,552678,densest,20000,3,863.6,708.4,985.4
larger,0.8,480,0.4,552678,densest,60000+80000,3,820.9,636.4,914.6
larger,0.8,720,0.4,1243736,old,15100-20000,2,1887,1445,2329
larger,0.8,720,0.4,1243736,old,30100-40000,2,1864,1392,2335
larger,0.8,720,0.4,1243736,new,15100-20000,2,1526,1125,1928
larger,0.8,720,0.4,1243736,new,30100-40000,2,1535,1125,1946
larger,0.8,720,0.4,1243736,densest,20000,2,1580,1173,1987
larger,0.8,720,0.4,1243736,densest,40000,2,1476,1173,1779
larger,0.85,60,0.4,8629,old,15100-20000,5,40.43,20.63,63.29
larger,0.85,60,0.4,8629,old,60100-80000,5,93.5,7.54,175.1
larger,0.85,60,0.4,8629,new,15100-20000,5,20.02,10.88,31.39
larger,0.85,60,0.4,8629,new,60100-80000,5,55.34,2.935,99.26
larger,0.85,60,0.4,8629,densest,20000,5,31.56,9.345,55.03
larger,0.85,60,0.4,8629,densest,60000+80000,5,54.21,3.069,94.07
larger,0.85,90,0.4,19486,old,15100-20000,5,78.81,31.31,124.5
larger,0.85,90,0.4,19486,old,60100-80000,5,155.4,119.3,223.9
larger,0.85,90,0.4,19486,new,15100-20000,5,35.44,18.6,54.69
larger,0.85,90,0.4,19486,new,60100-80000,5,76.03,54.07,110.7
larger,0.85,90,0.4,19486,densest,20000,5,36.31,15.6,66.14
larger,0.85,90,0.4,19486,densest,60000+80000,5,81.15,51.66,139
larger,0.85,120,0.4,34636,old,15100-20000,5,104.9,87.83,159.2
larger,0.85,120,0.4,34636,old,60100-80000,5,162.6,75.17,338.9
larger,0.85,120,0.4,34636,new,15100-20000,5,59.21,42.8,90.13
larger,0.85,120,0.4,34636,new,60100-80000,5,109.5,23.89,277.3
larger,0.85,120,0.4,34636,densest,20000,5,69.7,41.78,119
larger,0.85,120,0.4,34636,densest,60000+80000,5,118.8,46.32,249.2
larger,0.85,180,0.4,77765,old,15100-20000,5,163.5,100.6,234.4
larger,0.85,180,0.4,77765,old,60100-80000,5,422.8,197.3,732.3
larger,0.85,180,0.4,77765,new,15100-20000,5,117,56,160.2
larger,0.85,180,0.4,77765,new,60100-80000,5,231.5,119.6,349.3
larger,0.85,180,0.4,77765,densest,20000,5,142.8,106.3,189
larger,0.85,180,0.4,77765,densest,60000+80000,5,294,197.9,482.6
larger,0.85,240,0.4,138124,old,15100-20000,5,208.1,142.2,283.8
larger,0.85,240,0.4,138124,old,60100-80000,5,264.3,238.3,309.5
larger,0.85,240,0.4,138124,new,15100-20000,5,165.9,118.3,233.3
larger,0.85,240,0.4,138124,new,60100-80000,5,207.6,120.5,326.3
larger,0.85,240,0.4,138124,densest,20000,5,186,147.6,273.5
larger,0.85,240,0.4,138124,densest,60000+80000,5,253.8,184.4,350.5
larger,0.85,360,0.4,310812,old,15100-20000,3,450.7,409.7,483.8
larger,0.85,360,0.4,310812,old,60100-80000,3,435.4,404.6,487.5
larger,0.85,360,0.4,310812,new,15100-20000,3,297.4,273.2,312.2
larger,0.85,360,0.4,310812,new,60100-80000,3,283.5,254.4,333.9
larger,0.85,360,0.4,310812,densest,20000,3,309.8,301.1,324
larger,0.85,360,0.4,310812,densest,60000+80000,3,341.5,318.7,376.7
larger,0.85,480,0.4,552678,old,15100-20000,3,405.1,299.1,522
larger,0.85,480,0.4,552678,old,60100-80000,3,542.1,392.5,626.9
larger,0.85,480,0.4,552678,new,15100-20000,3,271.1,186.3,359.9
larger,0.85,480,0.4,552678,new,60100-80000,3,366.9,248.9,449.5
larger,0.85,480,0.4,552678,densest,20000,3,402.2,376.7,450.8
larger,0.85,480,0.4,552678,densest,60000+80000,3,455.3,412.5,482.2
larger,0.88,60,0.4,8629,old,15100-20000,5,23.35,11.23,34.99
larger,0.88,60,0.4,8629,old,60100-80000,5,9.335,5.953,22.8
larger,0.88,60,0.4,8629,new,15100-20000,5,10.24,4.207,20.37
larger,0.88,60,0.4,8629,new,60100-80000,5,4.288,2.693,10.65
larger,0.88,60,0.4,8629,densest,20000,5,9.603,3.372,17.24
larger,0.88,60,0.4,8629,densest,60000+80000,5,5.241,2.684,15.43
larger,0.88,90,0.4,19486,old,15100-20000,5,28.49,17.54,48.45
larger,0.88,90,0.4,19486,old,60100-80000,5,27.34,14.39,34.45
larger,0.88,90,0.4,19486,new,15100-20000,5,15.72,9.66,31.2
larger,0.88,90,0.4,19486,new,60100-80000,5,17.12,8.095,22.12
larger,0.88,90,0.4,19486,densest,20000,5,23.04,12.07,53.23
larger,0.88,90,0.4,19486,densest,60000+80000,5,15.34,11.38,24.8
larger,0.88,120,0.4,34636,old,15100-20000,5,56.68,33.8,85.11
larger,0.88,120,0.4,34636,old,60100-80000,5,39.11,33.49,47.48
larger,0.88,120,0.4,34636,new,15100-20000,5,33.18,18.75,50.9
larger,0.88,120,0.4,34636,new,60100-80000,5,29.11,19.49,35.81
larger,0.88,120,0.4,34636,densest,20000,5,43.62,12.62,82.38
larger,0.88,120,0.4,34636,densest,60000+80000,5,33.88,15.22,64.28
larger,0.88,180,0.4,77765,old,15100-20000,5,72.42,49.23,108.9
larger,0.88,180,0.4,77765,old,60100-80000,5,112.8,27.08,239.5
larger,0.88,180,0.4,77765,new,15100-20000,5,46.87,20.54,74.81
larger,0.88,180,0.4,77765,new,60100-80000,5,61.64,18.35,89.68
larger,0.88,180,0.4,77765,densest,20000,5,70.67,27.52,109.8
larger,0.88,180,0.4,77765,densest,60000+80000,5,74.34,19.64,173.2
larger,0.88,240,0.4,138124,old,15100-20000,5,74.71,53.25,110.3
larger,0.88,240,0.4,138124,old,60100-80000,5,191.7,44.89,505.2
larger,0.88,240,0.4,138124,new,15100-20000,5,67.79,42.22,132.3
larger,0.88,240,0.4,138124,new,60100-80000,5,169.4,69.79,303
larger,0.88,240,0.4,138124,densest,20000,5,81.54,36.11,106.4
larger,0.88,240,0.4,138124,densest,60000+80000,5,207,76.46,371.4
larger,0.88,360,0.4,310812,old,15100-20000,3,235.4,102.4,468.6
larger,0.88,360,0.4,310812,old,60100-80000,3,157.4,125.7,175.3
larger,0.88,360,0.4,310812,new,15100-20000,3,156.3,61.89,304.2
larger,0.88,360,0.4,310812,new,60100-80000,3,113.3,93.72,125.6
larger,0.88,360,0.4,310812,densest,20000,3,193.7,110.5,347.2
larger,0.88,360,0.4,310812,densest,60000+80000,3,158.2,108.2,231.7
larger,0.88,480,0.4,552678,old,15100-20000,3,162.5,102.8,203
larger,0.88,480,0.4,552678,old,60100-80000,3,332.3,118.7,599.4
larger,0.88,480,0.4,552678,new,15100-20000,3,98.42,83.84,118.4
larger,0.88,480,0.4,552678,new,60100-80000,3,317.5,167,430.4
larger,0.88,480,0.4,552678,densest,20000,3,180,149.7,235.2
larger,0.88,480,0.4,552678,densest,60000+80000,3,484.2,421,564.5
larger,0.9,60,0.4,8629,old,15100-20000,5,13.37,10.48,18.53
larger,0.9,60,0.4,8629,old,60100-80000,5,6.339,5.876,8.066
larger,0.9,60,0.4,8629,new,15100-20000,5,7.297,5.143,9.564
larger,0.9,60,0.4,8629,new,60100-80000,5,2.886,2.676,3.713
larger,0.9,60,0.4,8629,densest,20000,5,7.6,3.358,11.83
larger,0.9,60,0.4,8629,densest,60000+80000,5,2.894,2.66,3.759
larger,0.9,90,0.4,19486,old,15100-20000,5,17.96,15.19,23.35
larger,0.9,90,0.4,19486,old,60100-80000,5,17.24,12.96,21.52
larger,0.9,90,0.4,19486,new,15100-20000,5,10.02,8.392,13.46
larger,0.9,90,0.4,19486,new,60100-80000,5,9.844,7.849,11.95
larger,0.9,90,0.4,19486,densest,20000,5,9.324,7.96,10.05
larger,0.9,90,0.4,19486,densest,60000+80000,5,9.719,6.975,12.08
larger,0.9,120,0.4,34636,old,15100-20000,5,21.25,18.35,25.7
larger,0.9,120,0.4,34636,old,60100-80000,5,22.26,16.42,27.61
larger,0.9,120,0.4,34636,new,15100-20000,5,13.57,10.11,16.18
larger,0.9,120,0.4,34636,new,60100-80000,5,14.49,10.98,16.77
larger,0.9,120,0.4,34636,densest,20000,5,11.39,9.004,15.28
larger,0.9,120,0.4,34636,densest,60000+80000,5,11.61,8.923,15.59
larger,0.9,180,0.4,77765,old,15100-20000,5,52.85,26.58,69.71
larger,0.9,180,0.4,77765,old,60100-80000,5,40.1,17.96,105.5
larger,0.9,180,0.4,77765,new,15100-20000,5,33.57,17.29,46.63
larger,0.9,180,0.4,77765,new,60100-80000,5,24.27,12.72,56.43
larger,0.9,180,0.4,77765,densest,20000,5,40.7,17.47,83.06
larger,0.9,180,0.4,77765,densest,60000+80000,5,41.44,16.28,119.4
larger,0.9,240,0.4,138124,old,15100-20000,5,114.8,44.07,179.2
larger,0.9,240,0.4,138124,old,60100-80000,5,119.5,42.35,394.2
larger,0.9,240,0.4,138124,new,15100-20000,5,87.8,31.2,141.4
larger,0.9,240,0.4,138124,new,60100-80000,5,74.02,29.42,173.3
larger,0.9,240,0.4,138124,densest,20000,5,111.6,48.26,234.1
larger,0.9,240,0.4,138124,densest,60000+80000,5,117.9,27.26,354
larger,0.9,360,0.4,310812,old,15100-20000,3,190.2,103.5,362.6
larger,0.9,360,0.4,310812,old,60100-80000,3,408.8,81.99,1049
larger,0.9,360,0.4,310812,new,15100-20000,3,132.9,71.34,223.8
larger,0.9,360,0.4,310812,new,60100-80000,3,192.8,81.65,371.2
larger,0.9,360,0.4,310812,densest,20000,3,297.1,106.1,597.9
larger,0.9,360,0.4,310812,densest,60000+80000,3,178,93.42,226.9
larger,0.9,480,0.4,552678,old,15100-20000,3,225.9,148.7,294.5
larger,0.9,480,0.4,552678,old,60100-80000,3,236.9,101.4,469.6
larger,0.9,480,0.4,552678,new,15100-20000,3,186.9,133.4,234.1
larger,0.9,480,0.4,552678,new,60100-80000,3,223.8,94.27,300.5
larger,0.9,480,0.4,552678,densest,20000,3,258.3,163.1,371.2
larger,0.9,480,0.4,552678,densest,60000+80000,3,239.8,140.8,293.6
larger,0.9,720,0.4,1243736,old,15100-20000,2,245.9,212.4,279.4
larger,0.9,720,0.4,1243736,old,30100-40000,2,332.9,187.7,478.2
larger,0.9,720,0.4,1243736,new,15100-20000,2,162.9,149.7,176
larger,0.9,720,0.4,1243736,new,30100-40000,2,188.5,149.2,227.7
larger,0.9,720,0.4,1243736,densest,20000,2,463.4,368.4,558.3
larger,0.9,720,0.4,1243736,densest,40000,2,206.3,158.2,254.4
larger,0.92,60,0.4,8629,old,15100-20000,5,9.085,5.916,15.79
larger,0.92,60,0.4,8629,old,60100-80000,5,5.835,5.78,5.877
larger,0.92,60,0.4,8629,new,15100-20000,5,4.943,2.671,9.687
larger,0.92,60,0.4,8629,new,60100-80000,5,2.669,2.665,2.673
larger,0.92,60,0.4,8629,densest,20000,5,4.349,2.673,7.112
larger,0.92,60,0.4,8629,densest,60000+80000,5,2.668,2.659,2.674
larger,0.92,90,0.4,19486,old,15100-20000,5,13.82,11.71,15.36
larger,0.92,90,0.4,19486,old,60100-80000,5,13.03,11.68,15.24
larger,0.92,90,0.4,19486,new,15100-20000,5,7.858,6.873,8.871
larger,0.92,90,0.4,19486,new,60100-80000,5,7.473,6.744,8.537
larger,0.92,90,0.4,19486,densest,20000,5,7.677,5.761,8.487
larger,0.92,90,0.4,19486,densest,60000+80000,5,7.117,4.643,9.046
larger,0.92,120,0.4,34636,old,15100-20000,5,16.81,14.17,20.44
larger,0.92,120,0.4,34636,old,60100-80000,5,15.02,13.13,16.58
larger,0.92,120,0.4,34636,new,15100-20000,5,9.938,8.675,11.26
larger,0.92,120,0.4,34636,new,60100-80000,5,9.272,8.323,10.53
larger,0.92,120,0.4,34636,densest,20000,5,9.634,8.043,11.37
larger,0.92,120,0.4,34636,densest,60000+80000,5,10.62,7.51,18.41
larger,0.92,180,0.4,77765,old,15100-20000,5,34.17,20.16,58.77
larger,0.92,180,0.4,77765,old,60100-80000,5,19.06,17.64,21.41
larger,0.92,180,0.4,77765,new,15100-20000,5,21.31,11.54,34.26
larger,0.92,180,0.4,77765,new,60100-80000,5,13.95,12.17,16.09
larger,0.92,180,0.4,77765,densest,20000,5,18.85,14.01,25.73
larger,0.92,180,0.4,77765,densest,60000+80000,5,16.18,10.98,18.87
larger,0.92,240,0.4,138124,old,15100-20000,5,50.55,29.76,68.14
larger,0.92,240,0.4,138124,old,60100-80000,5,21.68,19.19,28.56
larger,0.92,240,0.4,138124,new,15100-20000,5,35.58,26.31,48.38
larger,0.92,240,0.4,138124,new,60100-80000,5,16.76,15.35,19.58
larger,0.92,240,0.4,138124,densest,20000,5,38.38,25.12,65.99
larger,0.92,240,0.4,138124,densest,60000+80000,5,18.71,16.54,21.19
larger,0.92,360,0.4,310812,old,15100-20000,3,57.52,38.09,87.25
larger,0.92,360,0.4,310812,old,60100-80000,3,29.8,26.09,34.35
larger,0.92,360,0.4,310812,new,15100-20000,3,56.71,41.17,64.87
larger,0.92,360,0.4,310812,new,60100-80000,3,28.22,23.22,31.72
larger,0.92,360,0.4,310812,densest,20000,3,49.2,34.89,60.02
larger,0.92,360,0.4,310812,densest,60000+80000,3,31.62,26.71,34.73
larger,0.92,480,0.4,552678,old,15100-20000,3,204.3,99.74,362.5
larger,0.92,480,0.4,552678,old,60100-80000,3,68.38,62.24,78.85
larger,0.92,480,0.4,552678,new,15100-20000,3,164.5,131.8,223.6
larger,0.92,480,0.4,552678,new,60100-80000,3,61.82,53.87,71.1
larger,0.92,480,0.4,552678,densest,20000,3,98.28,70.11,124.5
larger,0.92,480,0.4,552678,densest,60000+80000,3,67.39,52.94,85.62
larger,0.94,60,0.4,8629,old,15100-20000,5,6.508,5.747,9.268
larger,0.94,60,0.4,8629,old,60100-80000,5,5.795,5.761,5.843
larger,0.94,60,0.4,8629,new,15100-20000,5,3.051,2.66,4.584
larger,0.94,60,0.4,8629,new,60100-80000,5,2.664,2.658,2.668
larger,0.94,60,0.4,8629,densest,20000,5,2.739,2.644,3.08
larger,0.94,60,0.4,8629,densest,60000+80000,5,2.662,2.653,2.669
larger,0.94,90,0.4,19486,old,15100-20000,5,12.8,9.993,16.66
larger,0.94,90,0.4,19486,old,60100-80000,5,10.52,5.873,12.75
larger,0.94,90,0.4,19486,new,15100-20000,5,7.465,5.993,10.24
larger,0.94,90,0.4,19486,new,60100-80000,5,5.879,2.676,7.173
larger,0.94,90,0.4,19486,densest,20000,5,7.05,5.1,12.69
larger,0.94,90,0.4,19486,densest,60000+80000,5,6.313,2.684,9.022
larger,0.94,120,0.4,34636,old,15100-20000,5,13.71,11.29,17.94
larger,0.94,120,0.4,34636,old,60100-80000,5,13.23,11.73,15.9
larger,0.94,120,0.4,34636,new,15100-20000,5,8.113,5.511,11.35
larger,0.94,120,0.4,34636,new,60100-80000,5,8.451,7.445,9.841
larger,0.94,120,0.4,34636,densest,20000,5,9.68,7.668,11.42
larger,0.94,120,0.4,34636,densest,60000+80000,5,8.048,6.737,10.19
larger,0.94,180,0.4,77765,old,15100-20000,5,18.3,15.23,20.8
larger,0.94,180,0.4,77765,old,60100-80000,5,15.76,14.1,21.43
larger,0.94,180,0.4,77765,new,15100-20000,5,12.08,10.89,14.27
larger,0.94,180,0.4,77765,new,60100-80000,5,11.73,10.06,15.29
larger,0.94,180,0.4,77765,densest,20000,5,12.55,8.911,16.47
larger,0.94,180,0.4,77765,densest,60000+80000,5,13.32,10.49,18.73
larger,0.94,240,0.4,138124,old,15100-20000,5,28.59,17.37,53.24
larger,0.94,240,0.4,138124,old,60100-80000,5,17.46,15.95,19.67
larger,0.94,240,0.4,138124,new,15100-20000,5,19.46,14.31,32.24
larger,0.94,240,0.4,138124,new,60100-80000,5,14.14,12.58,17.3
larger,0.94,240,0.4,138124,densest,20000,5,26.56,12.82,71.37
larger,0.94,240,0.4,138124,densest,60000+80000,5,15.76,12.36,18.57
larger,0.94,360,0.4,310812,old,15100-20000,3,39.93,30.63,58.27
larger,0.94,360,0.4,310812,old,60100-80000,3,32.89,25.88,41.02
larger,0.94,360,0.4,310812,new,15100-20000,3,31.2,28.32,36.45
larger,0.94,360,0.4,310812,new,60100-80000,3,25.19,20.73,29.96
larger,0.94,360,0.4,310812,densest,20000,3,34.21,25.96,47.39
larger,0.94,360,0.4,310812,densest,60000+80000,3,23.53,19.52,26.81
larger,0.94,480,0.4,552678,old,15100-20000,3,106.6,44.11,193.3
larger,0.94,480,0.4,552678,old,60100-80000,3,36.8,34.38,39.09
larger,0.94,480,0.4,552678,new,15100-20000,3,77.75,31.22,132.6
larger,0.94,480,0.4,552678,new,60100-80000,3,30.53,27.6,33.96
larger,0.94,480,0.4,552678,densest,20000,3,66.06,35.67,101.7
larger,0.94,480,0.4,552678,densest,60000+80000,3,35.03,31.14,39.53
larger,0.94,720,0.4,1243736,old,15100-20000,2,73.42,64,82.85
larger,0.94,720,0.4,1243736,old,30100-40000,2,57.22,52.88,61.57
larger,0.94,720,0.4,1243736,new,15100-20000,2,54.94,44.15,65.72
larger,0.94,720,0.4,1243736,new,30100-40000,2,45.28,40.43,50.14
larger,0.94,720,0.4,1243736,densest,20000,2,66.28,61.12,71.45
larger,0.94,720,0.4,1243736,densest,40000,2,52.82,48.34,57.3
larger,0.96,60,0.4,8629,old,15100-20000,5,9.62,5.833,11.8
larger,0.96,60,0.4,8629,old,60100-80000,5,5.86,5.769,6.008
larger,0.96,60,0.4,8629,new,15100-20000,5,5.099,2.661,6.385
larger,0.96,60,0.4,8629,new,60100-80000,5,2.684,2.655,2.75
larger,0.96,60,0.4,8629,densest,20000,5,5.871,2.66,9.523
larger,0.96,60,0.4,8629,densest,60000+80000,5,2.918,2.644,3.533
larger,0.96,90,0.4,19486,old,15100-20000,5,11.8,9.908,14.58
larger,0.96,90,0.4,19486,old,60100-80000,5,10.34,5.783,12.89
larger,0.96,90,0.4,19486,new,15100-20000,5,6.726,5.627,8.255
larger,0.96,90,0.4,19486,new,60100-80000,5,5.751,2.666,7.011
larger,0.96,90,0.4,19486,densest,20000,5,7.405,5.851,11.28
larger,0.96,90,0.4,19486,densest,60000+80000,5,6.189,2.672,7.946
larger,0.96,120,0.4,34636,old,15100-20000,5,14.18,10.3,19.91
larger,0.96,120,0.4,34636,old,60100-80000,5,13.35,11.12,15.33
larger,0.96,120,0.4,34636,new,15100-20000,5,8.449,6.47,12.16
larger,0.96,120,0.4,34636,new,60100-80000,5,7.86,6.541,9.104
larger,0.96,120,0.4,34636,densest,20000,5,7.758,6.835,8.768
larger,0.96,120,0.4,34636,densest,60000+80000,5,7.506,6.033,8.875
larger,0.96,180,0.4,77765,old,15100-20000,5,16.4,11.75,18.75
larger,0.96,180,0.4,77765,old,60100-80000,5,15.44,12.86,18.88
larger,0.96,180,0.4,77765,new,15100-20000,5,10.56,8.15,12.2
larger,0.96,180,0.4,77765,new,60100-80000,5,10.29,8.663,12.03
larger,0.96,180,0.4,77765,densest,20000,5,12.91,8.946,17.06
larger,0.96,180,0.4,77765,densest,60000+80000,5,9.797,8.558,11.06
larger,0.96,240,0.4,138124,old,15100-20000,5,23.16,17.42,28.5
larger,0.96,240,0.4,138124,old,60100-80000,5,21.06,15.74,25.15
larger,0.96,240,0.4,138124,new,15100-20000,5,16.2,11.33,20.05
larger,0.96,240,0.4,138124,new,60100-80000,5,14.43,10.92,16.62
larger,0.96,240,0.4,138124,densest,20000,5,20.76,9.599,31.8
larger,0.96,240,0.4,138124,densest,60000+80000,5,14.17,12.31,15.18
larger,0.96,360,0.4,310812,old,15100-20000,3,38.39,16.72,59.74
larger,0.96,360,0.4,310812,old,60100-80000,3,32.06,30.79,32.84
larger,0.96,360,0.4,310812,new,15100-20000,3,26.72,14.25,39.19
larger,0.96,360,0.4,310812,new,60100-80000,3,22.83,22.45,23.44
larger,0.96,360,0.4,310812,densest,20000,3,27.24,14.39,36.72
larger,0.96,360,0.4,310812,densest,60000+80000,3,25.07,19.41,30.43
larger,0.96,480,0.4,552678,old,15100-20000,3,31.04,27,36.89
larger,0.96,480,0.4,552678,old,60100-80000,3,31.8,29.72,34.39
larger,0.96,480,0.4,552678,new,15100-20000,3,25.01,20.85,29.43
larger,0.96,480,0.4,552678,new,60100-80000,3,26.3,24.3,28.01
larger,0.96,480,0.4,552678,densest,20000,3,29.18,21.13,37.49
larger,0.96,480,0.4,552678,densest,60000+80000,3,31.19,27.12,37.06
larger,1,60,0.4,8629,old,15100-20000,5,7.12,5.826,8.007
larger,1,60,0.4,8629,old,60100-80000,5,6.145,5.731,7.226
larger,1,60,0.4,8629,new,15100-20000,5,3.901,2.651,4.771
larger,1,60,0.4,8629,new,60100-80000,5,3.004,2.653,3.944
larger,1,60,0.4,8629,densest,20000,5,3.891,2.647,4.751
larger,1,60,0.4,8629,densest,60000+80000,5,3.1,2.634,3.785
larger,1,90,0.4,19486,old,15100-20000,5,8.015,6.077,8.605
larger,1,90,0.4,19486,old,60100-80000,5,8.062,5.788,8.739
larger,1,90,0.4,19486,new,15100-20000,5,4.737,2.721,5.318
larger,1,90,0.4,19486,new,60100-80000,5,4.758,2.663,5.328
larger,1,90,0.4,19486,densest,20000,5,4.609,2.668,5.126
larger,1,90,0.4,19486,densest,60000+80000,5,4.618,2.661,5.338
larger,1,120,0.4,34636,old,15100-20000,5,9.942,9.114,11.61
larger,1,120,0.4,34636,old,60100-80000,5,9.199,9.081,9.482
larger,1,120,0.4,34636,new,15100-20000,5,5.88,5.733,6.178
larger,1,120,0.4,34636,new,60100-80000,5,5.759,5.708,5.81
larger,1,120,0.4,34636,densest,20000,5,5.794,5.318,6.418
larger,1,120,0.4,34636,densest,60000+80000,5,5.85,5.744,6.025
larger,1,180,0.4,77765,old,15100-20000,5,12.53,10.84,17.16
larger,1,180,0.4,77765,old,60100-80000,5,12.41,10.34,14.3
larger,1,180,0.4,77765,new,15100-20000,5,7.593,6.458,10.01
larger,1,180,0.4,77765,new,60100-80000,5,7.507,6.532,8.384
larger,1,180,0.4,77765,densest,20000,5,7.281,6.875,7.966
larger,1,180,0.4,77765,densest,60000+80000,5,7.973,6.424,9.916
larger,1,240,0.4,138124,old,15100-20000,5,16.95,14.63,20.33
larger,1,240,0.4,138124,old,60100-80000,5,16.93,15.62,17.74
larger,1,240,0.4,138124,new,15100-20000,5,11.05,9.549,13.85
larger,1,240,0.4,138124,new,60100-80000,5,10.47,9.469,12.06
larger,1,240,0.4,138124,densest,20000,5,10.94,8.443,13.98
larger,1,240,0.4,138124,densest,60000+80000,5,10.56,8.543,14.71
larger,1,360,0.4,310812,old,15100-20000,3,22.86,18.41,27.49
larger,1,360,0.4,310812,old,60100-80000,3,25.32,23.11,27.58
larger,1,360,0.4,310812,new,15100-20000,3,15.51,12.71,19.16
larger,1,360,0.4,310812,new,60100-80000,3,16.87,14.69,18.66
larger,1,360,0.4,310812,densest,20000,3,15.14,10.57,19.68
larger,1,360,0.4,310812,densest,60000+80000,3,19.24,15.13,22.78
larger,1,480,0.4,552678,old,15100-20000,3,27.43,17.25,35.96
larger,1,480,0.4,552678,old,60100-80000,3,30.21,26.42,32.16
larger,1,480,0.4,552678,new,15100-20000,3,17.14,11.07,22.29
larger,1,480,0.4,552678,new,60100-80000,3,20.5,18.29,22.03
larger,1,480,0.4,552678,densest,20000,3,19.73,15.5,26.59
larger,1,480,0.4,552678,densest,60000+80000,3,24.15,21.69,28.72
larger,1,720,0.4,1243736,old,15100-20000,2,30.38,27.21,33.54
larger,1,720,0.4,1243736,old,30100-40000,2,29.6,26.64,32.56
larger,1,720,0.4,1243736,new,15100-20000,2,21.55,18.42,24.68
larger,1,720,0.4,1243736,new,30100-40000,2,20.98,18.23,23.73
larger,1,720,0.4,1243736,densest,20000,2,21.08,16.28,25.88
larger,1,720,0.4,1243736,densest,40000,2,19.99,18.25,21.73
