alpha,L,N,mean_density,seeds,T,late_kmax,seed_min,seed_max
0.8,90,19496,2.407,3,20000,720.84,509.24,956.6
0.8,120,34614,2.4037,3,20000,1034.57,927.3,1143.08
0.8,180,77682,2.3976,3,20000,1552.41,1012.0,1873.54
0.8,240,138089,2.3974,3,20000,2334.4,1963.96,2897.54
0.85,90,19496,2.407,3,20000,554.55,370.72,728.94
0.85,120,34614,2.4037,3,20000,976.1,923.96,1069.56
0.85,180,77682,2.3976,3,20000,1352.19,958.74,1857.58
0.85,240,138089,2.3974,3,20000,2224.81,1611.58,2590.26
0.9,90,19496,2.407,3,20000,90.91,73.8,112.1
0.9,120,34614,2.4037,3,20000,170.49,82.06,225.6
0.9,180,77682,2.3976,3,20000,699.9,540.78,869.32
0.9,240,138089,2.3974,3,20000,1886.59,618.6,2929.74
1,90,19496,2.407,3,20000,23.68,23.5,23.96
1,120,34614,2.4037,3,20000,29.74,28.24,31.82
1,180,77682,2.3976,3,20000,40.14,38.96,41.34
1,240,138089,2.3974,3,20000,68.73,58.62,75.6
