alpha,L,N,seeds,T,plateau,seed_min,seed_max
0.8,90,19496.333333333332,3,20000,158.33041637277822,97.15906169944844,195.75284907302145
0.8,120,34613.666666666664,3,20000,140.183928298112,105.57210565054156,178.02878984328038
0.8,180,77682.0,3,20000,332.4976736469052,225.07751526276456,422.142175263793
0.8,240,138089.0,3,20000,350.6490838565462,345.4325350140057,354.31186963814383
0.82,90,19496.333333333332,3,20000,100.0486726394859,79.8861854032019,115.67858036969201
0.82,120,34613.666666666664,3,20000,118.60855165795948,109.17073272971668,136.09557795680033
0.82,180,77682.0,3,20000,264.0719649732108,207.80743389971371,308.1748260988745
0.82,240,138089.0,3,20000,345.7130100096295,298.1776115246138,410.284614210102
0.84,90,19496.333333333332,3,20000,79.42914839111,67.76464841607145,89.4532967459895
0.84,120,34613.666666666664,3,20000,123.80362381612689,95.73274609407711,162.25529978035715
0.84,180,77682.0,3,20000,238.44579562590206,126.72692291791692,371.82753718960674
0.84,240,138089.0,3,20000,330.9217163361164,207.3990337228878,450.2523752352086
0.85,90,19496.333333333332,3,20000,90.19915869441775,62.67295084775043,124.50511769482002
0.85,120,34613.666666666664,3,20000,113.94780729712654,87.82983131287001,159.1721557492744
0.85,180,77682.0,3,20000,148.79198126446224,100.64111374215149,234.43805050916137
0.85,240,138089.0,3,20000,204.2243468136409,142.19810023800517,283.83820142637273
0.86,90,19496.333333333332,3,20000,110.25554709103413,84.47725710627611,141.0674520037081
0.86,120,34613.666666666664,3,20000,72.36107239895966,57.032063239617,94.93749060162203
0.86,180,77682.0,3,20000,155.08283073151884,80.63486301863335,219.0992693580725
0.86,240,138089.0,3,20000,161.38931990292144,142.04673783163437,199.21451723201187
0.88,90,19496.333333333332,3,20000,28.10776117251467,17.535105303006752,48.450616271718474
0.88,120,34613.666666666664,3,20000,54.92050475413068,33.7982996387872,85.10858213259633
0.88,180,77682.0,3,20000,60.912048346686696,49.23241140637571,78.86199038844674
0.88,240,138089.0,3,20000,67.91088551462683,53.24618585095093,91.21511504930305
0.9,90,19496.333333333332,3,20000,16.371030936777753,15.189811168154804,18.370421202628382
0.9,120,34613.666666666664,3,20000,20.18464229358453,18.348452186069686,22.98715839291573
0.9,180,77682.0,3,20000,56.31017368311675,37.79633885434171,69.71093445744735
0.9,240,138089.0,3,20000,76.1989394061989,44.072425599037125,138.01791518247757
1,90,19496.333333333332,3,20000,8.500426736660705,8.405747033440559,8.604545665424604
1,120,34613.666666666664,3,20000,9.663762516134152,9.181327558577793,10.408654995692235
1,180,77682.0,3,20000,11.44593433940276,10.840226807909682,12.158664581353701
1,240,138089.0,3,20000,16.59424051596495,16.06559463407233,17.351520680696446
