alpha,L,seeds,T,mean_density,late_cluster_density,seed_min,seed_max
0.8,90,3,40000,2.406954732510288,163.92835762796497,117.74723368848531,187.4744427244582
0.8,120,3,40000,2.403726851851852,146.55138408536627,116.13551383004474,185.93595543067767
0.8,180,3,40000,2.3975925925925927,332.9147682785416,234.02414800595446,396.6786121132633
0.9,90,3,40000,2.406954732510288,16.635962539562115,13.298663630867663,19.118831124606704
0.9,120,3,40000,2.403726851851852,21.90901089904327,17.70756517670382,29.750947291838912
0.9,180,3,40000,2.3975925925925927,98.48931321426915,35.417015031543485,206.54239288185676
1,90,3,40000,2.406954732510288,8.615857068586122,8.528735520911834,8.70227626563293
1,120,3,40000,2.403726851851852,9.114458208208546,9.041765535788365,9.157482488685266
1,180,3,40000,2.3975925925925927,10.892223051764537,10.258417672948163,11.859715920669137
