alpha,dens_input,mean_density,seeds,T,late_cluster_density,seed_min,seed_max,ratio_to_mean,cutoff,late_cluster_mass_fraction
0,0.025,0.1512,5,20000,20.58996671721146,13.387158693698193,30.271428571428572,136.19037270081074,1,0.21647333026099874
0,0.05,0.3007,5,20000,24.63879383352923,21.58857793522267,30.91666666666667,81.92702383070065,1,0.14179998880917583
0,0.1,0.6056,5,20000,50.31351994033796,33.65904761904761,72.92307692307692,83.08654669046636,2,0.16490595807437097
0,0.15,0.9082,5,20000,113.26721407986729,63.38257481648787,256.589010989011,124.71310578894122,2,0.17748984867869577
0,0.2,1.205,5,20000,86.98067564021656,58.875,124.8181818181818,72.1809147493806,3,0.14478869799590854
0,0.3,1.8073,5,20000,181.8566376811594,130.0,226.0,100.6242752385676,4,0.15198418543246056
0,0.4,2.4056,5,20000,267.651684981685,168.85714285714286,381.1333333333334,111.26055386293716,5,0.2148215097330876
0,0.6,3.603,5,20000,352.9077735549475,267.7771739130435,451.0,97.94797788527687,8,0.2082300637767826
0,0.8,4.8023,5,20000,481.08056,280.7861333333333,816.9416666666666,100.17719239252827,10,0.1729208833386289
0,1.2,7.205,5,20000,605.1376274044795,272.69565217391306,754.1666666666665,83.98813556319111,15,0.21695385228942204
0,1.6,9.603,5,20000,1153.0148894634779,895.1318681318681,1433.7851282051279,120.0680419808364,20,0.21018879317873956
0,2.4,14.4056,5,20000,1512.6490035850495,931.6875,2199.1578947368416,105.00401873957799,29,0.2075245958267792
0.1,0.025,0.1512,5,20000,18.866866239316238,10.068803418803418,31.375,124.79308879508537,1,0.17030914685330928
0.1,0.05,0.3007,5,20000,26.644927536231886,17.42404761904762,36.354202898550724,88.5976654529878,1,0.16482346895644806
0.1,0.1,0.6056,5,20000,70.84143440225834,28.440000000000005,167.53846153846152,116.98585497620644,2,0.21497417041915945
0.1,0.15,0.9082,5,20000,76.36877557354926,54.6875,99.8923076923077,84.08600197723798,2,0.16364958860021628
0.1,0.2,1.205,5,20000,116.97770208372863,75.16133333333333,167.8694805194805,97.07394751231477,3,0.1532339215185395
0.1,0.3,1.8073,5,20000,152.59499260216907,135.05,170.3114285714286,84.4333246859464,4,0.1686662514540765
0.1,0.4,2.4056,5,20000,161.95978851975912,131.52760180995475,200.54814814814813,67.32532162263666,5,0.16823909059233363
0.1,0.6,3.603,5,20000,317.4057875405431,210.44947368421055,413.7,88.09456007587612,8,0.16248458809187605
0.1,0.8,4.8023,5,20000,390.60372551676807,219.90476190476187,596.4166666666666,81.33686499477672,10,0.14242542864593888
0.1,1.2,7.205,5,20000,529.9259411159622,322.72979971435217,744.057085020243,73.54937086262173,15,0.17053630898449398
0.1,1.6,9.603,5,20000,1009.8001954620817,660.1472,1715.923076923077,105.1545243421928,20,0.1898072803586232
0.1,2.4,14.4056,5,20000,1401.813284848485,957.6190909090909,1940.0359999999998,97.31010173725574,29,0.16200089199970674
0.2,0.025,0.1512,5,20000,10.653196078431373,8.357142857142858,13.582857142857142,70.4645502493011,1,0.1480915450508765
0.2,0.05,0.3007,5,20000,26.29152735884805,13.875862068965516,50.88399999999999,87.42256634099721,1,0.19192140500038182
0.2,0.1,0.6056,5,20000,58.23848249583234,37.11538461538461,79.6,96.17364081880571,2,0.18734021709015455
0.2,0.15,0.9082,5,20000,83.71449495362208,49.87813186813186,97.44713793103449,92.1740218476387,2,0.18269232765241786
0.2,0.2,1.205,5,20000,103.02817584213173,67.83442265795208,152.89333333333335,85.49793298922907,3,0.1642157449238587
0.2,0.3,1.8073,5,20000,146.98897705161642,70.88248275862068,216.75,81.33142387581753,4,0.16379332398962046
0.2,0.4,2.4056,5,20000,249.05453164676396,165.6496,350.0714285714285,103.52987366767194,5,0.18955465573709934
0.2,0.6,3.603,5,20000,231.1176602832324,137.68230303030302,363.7593162393161,64.14567537088932,8,0.13086137614810872
0.2,0.8,4.8023,5,20000,527.6337550390787,179.38,962.3076923076924,109.87113715703232,10,0.20283105298671375
0.2,1.2,7.205,5,20000,671.9537984699255,542.6416666666665,1034.1999999999998,93.26167166328077,15,0.14517711499493008
0.2,1.6,9.603,5,20000,742.2147724036349,425.56071111111106,947.6923076923076,77.28978633851315,20,0.14688517285616517
0.2,2.4,14.4056,5,20000,1030.913350309547,659.8274838709677,1672.6363636363637,71.5632274891446,29,0.1562196496121046
0.3,0.025,0.1512,5,20000,11.244452706419901,6.370833333333334,15.0,74.3753608704893,1,0.16281223271783513
0.3,0.05,0.3007,5,20000,28.401828312863614,13.026932773109243,40.08,94.439576902379,1,0.16911578437817057
0.3,0.1,0.6056,5,20000,56.974257301522,35.5,83.0,94.08592948875193,2,0.20128855218591948
0.3,0.15,0.9082,5,20000,100.71927307398933,56.14285714285715,146.8571428571429,110.89716878711816,2,0.18874245347628366
0.3,0.2,1.205,5,20000,103.43396358543416,92.82352941176472,127.14285714285712,85.83467595299737,3,0.20366046129304732
0.3,0.3,1.8073,5,20000,150.22830262185727,107.5294117647059,263.8888888888889,83.1237961088219,4,0.13908124360687416
0.3,0.4,2.4056,5,20000,198.56845716375128,99.79705882352941,297.9230769230769,82.54323721242278,5,0.2020644430339647
0.3,0.6,3.603,5,20000,278.75264160401,212.23809523809524,371.3,77.3665518904785,8,0.17506633322310067
0.3,0.8,4.8023,5,20000,419.18041279903036,239.6863928035982,512.4000000000001,87.28749476002082,10,0.1693273890007003
0.3,1.2,7.205,5,20000,569.9353760064025,502.5709176470588,618.7258333333333,79.10235201799598,15,0.19802504634026236
0.3,1.6,9.603,5,20000,819.0728515151516,404.9490909090908,1306.1916666666666,85.29332484756233,20,0.157628158806604
0.3,2.4,14.4056,5,20000,1063.6580083919946,521.6321371980677,1606.2,73.83627343884041,29,0.12510640642799759
0.4,0.025,0.1512,5,20000,13.189067313752991,6.896739130434782,15.5,87.23782887587721,1,0.2051939840191918
0.4,0.05,0.3007,5,20000,26.186372527835026,14.181664946680426,32.47764705882353,87.07291357777656,1,0.2053504218092415
0.4,0.1,0.6056,5,20000,49.55457013574661,23.787272727272722,66.06823529411766,81.83323508655404,2,0.15246809629878277
0.4,0.15,0.9082,5,20000,76.43677276011344,52.87971428571428,101.40271921182266,84.16087042341827,2,0.16245219639227015
0.4,0.2,1.205,5,20000,99.86215792258425,47.09685714285713,191.9835978835979,82.87061297976933,3,0.1691083925540122
0.4,0.3,1.8073,5,20000,126.19325501822739,95.72375939849623,168.15,69.8248080912386,4,0.17669763992899895
0.4,0.4,2.4056,5,20000,267.08876273559974,144.25145098039215,450.24472727272735,111.02655182074753,5,0.14793205409272497
0.4,0.6,3.603,5,20000,400.0576132158353,248.787597057159,719.9914285714287,111.03420550185255,8,0.18808140580644903
0.4,0.8,4.8023,5,20000,398.8514088362618,260.0454545454545,577.047619047619,83.05431073544345,10,0.18765284372137897
0.4,1.2,7.205,5,20000,697.8864915506299,466.1208997821351,900.5,96.86091660087082,15,0.1964998442037073
0.4,1.6,9.603,5,20000,867.7684120513792,536.0895752895754,1413.6619294117647,90.36418790420922,20,0.19754413007901334
0.4,2.4,14.4056,5,20000,1371.8778632863523,1065.35,1696.7575757575753,95.23206541869308,29,0.23923670906813835
0.5,0.025,0.1512,5,20000,14.992425702952016,7.658263157894737,23.44444444444444,99.1659710876297,1,0.15502081019541863
0.5,0.05,0.3007,5,20000,23.19525534173607,14.91253333333333,32.2160546052413,77.12708056981205,1,0.18940733161894358
0.5,0.1,0.6056,5,20000,65.95484852369853,41.15384615384615,103.77109090909093,108.91626361711684,2,0.19008322952787657
0.5,0.15,0.9082,5,20000,55.6048958110895,26.928571428571423,77.61474747474749,61.22388821871856,2,0.14658152587914328
0.5,0.2,1.205,5,20000,84.1886049383115,51.23794117647058,110.10612612612614,69.86391484307876,3,0.14621227273394563
0.5,0.3,1.8073,5,20000,144.63047447769617,103.31561904761902,183.78571428571425,80.0264255256055,4,0.17445006408453728
0.5,0.4,2.4056,5,20000,180.95167546065267,127.0181818181818,269.9166666666667,75.2200892572611,5,0.1951140839612932
0.5,0.6,3.603,5,20000,327.25127846153845,164.6807,493.2307692307692,90.82713215068534,8,0.163024767004747
0.5,0.8,4.8023,5,20000,387.71068560985793,270.1288421052631,486.39548872180455,80.73443654629857,10,0.16072426831034534
0.5,1.2,7.205,5,20000,765.1902263758946,620.5755294117647,1008.829010989011,106.20212254877839,15,0.1821222909254892
0.5,1.6,9.603,5,20000,801.0813372979962,534.3434285714286,1040.5294117647059,83.41979667020341,20,0.16838854332756034
0.5,2.4,14.4056,5,20000,1369.4000646407144,859.3506684491979,1764.5,95.06006331192356,29,0.1721341043583876
0.6,0.025,0.1512,5,20000,15.604467015777661,8.850848424776245,21.82822102264208,103.21426002596691,1,0.2950737470924828
0.6,0.05,0.3007,5,20000,19.055810915113575,11.84922881364667,28.324323911382734,63.362918067495876,1,0.19546548719963214
0.6,0.1,0.6056,5,20000,42.08093952639773,39.366552706552696,47.398589743589746,69.49145976836323,2,0.1837302646232976
0.6,0.15,0.9082,5,20000,67.9904063340868,48.276806201550386,81.30094993894994,74.86098079358713,2,0.18078047359985144
0.6,0.2,1.205,5,20000,100.20799397759103,52.57142857142856,159.13525,83.15760503426844,3,0.20716858144205474
0.6,0.3,1.8073,5,20000,130.96102849785194,110.6,157.93103448275863,72.4628957464718,4,0.21158259958301934
0.6,0.4,2.4056,5,20000,164.1337500071418,117.50047619047618,232.61817203086773,68.22901912478181,5,0.156152374508927
0.6,0.6,3.603,5,20000,299.70835380437455,201.89307189542484,421.9285714285715,83.18271630787112,8,0.18717521174766347
0.6,0.8,4.8023,5,20000,399.7909146853147,214.44444444444446,572.3636363636364,83.24994752898688,10,0.1658496655552417
0.6,1.2,7.205,5,20000,514.4232472605826,303.0,862.809523809524,71.39772420547214,15,0.1964596954938172
0.6,1.6,9.603,5,20000,892.5817226107226,571.875,1383.666666666667,92.9480969596327,20,0.16395902889712957
0.6,2.4,14.4056,5,20000,1008.9009523809524,806.6,1288.533333333333,70.03518612652901,29,0.14424788553339993
0.7,0.025,0.1512,5,20000,12.393798654572075,10.212010197565805,15.69424649692169,81.97760011598385,1,0.2828662221515767
0.7,0.05,0.3007,5,20000,18.327137912776895,11.458158735329944,27.233880602240898,60.93999059667194,1,0.17939427386158208
0.7,0.1,0.6056,5,20000,40.95224472388995,32.234939207440895,54.59397869674185,67.62756009449717,2,0.22728674125921086
0.7,0.15,0.9082,5,20000,56.15775255270147,41.574752557068344,90.12204871794872,61.832612304173374,2,0.16821456961212605
0.7,0.2,1.205,5,20000,77.72927689619208,60.294272458725544,106.49286921458625,64.5036413879145,3,0.22972276751697862
0.7,0.3,1.8073,5,20000,128.25921277636047,90.52645276292337,197.90193484293482,70.96793657275222,4,0.17301481323269696
0.7,0.4,2.4056,5,20000,148.18000264017277,125.4814116875005,176.71619047619046,61.59718055309559,5,0.19099725780749185
0.7,0.6,3.603,5,20000,323.32891166846224,252.54666666666665,438.9169206349206,89.73849674876112,8,0.1946195211726951
0.7,0.8,4.8023,5,20000,355.9841211572399,257.24872432767575,417.6177777777778,74.12789615496813,10,0.15497073102961328
0.7,1.2,7.205,5,20000,594.4704707692307,280.50300000000004,818.640123076923,82.50762178090034,15,0.21658093612808632
0.7,1.6,9.603,5,20000,614.0092063392545,519.6149846743294,758.7241379310346,63.939229091539715,20,0.17516644462720055
0.7,2.4,14.4056,5,20000,1204.3181741045773,627.9448042631687,1472.769230769231,83.60052320292372,29,0.17473769608011885
0.75,0.025,0.1499,3,20000,14.996576099389367,10.332905127196918,21.917652471652456,100.03206127234742,1,0.41506671326053896
0.75,0.05,0.2988,3,20000,17.782634762633283,14.627114065532401,19.7168771527414,59.51219180994199,1,0.2589904564460937
0.75,0.1,0.6079,3,20000,30.699669103084535,28.587500910705035,33.09645756089332,50.4976618970388,2,0.18748894279637332
0.75,0.15,0.913,3,20000,49.0056501796592,41.85153330182256,61.82517763992487,53.677588432081066,2,0.24716054243096122
0.75,0.2,1.2113,3,20000,71.31840592929917,53.860349016945236,83.55089339331901,58.87875464027892,3,0.19485380194165028
0.75,0.3,1.8158,3,20000,126.34809435586884,95.21803550995804,169.51442262080192,69.58408750192899,4,0.22564093619981937
0.75,0.4,2.4078,3,20000,175.50548405494575,134.6975,235.75921755368813,72.89106398221098,5,0.25662087706454245
0.75,0.6,3.6028,3,20000,190.65167094583748,169.40270893423067,212.8106225041109,52.91705906388252,8,0.2188582867397857
0.75,0.8,4.8028,3,20000,327.399379876623,234.76983405483404,402.0530434782608,68.16846258184478,10,0.1692987670965084
0.75,1.2,7.2113,3,20000,655.9621877967711,596.48125,722.4384615384615,90.96340415365475,15,0.17135651637254182
0.75,1.6,9.6028,3,20000,628.0207878970353,364.32660611534857,811.6666666666665,65.39948808821961,20,0.20503820699251715
0.75,2.4,14.4078,3,20000,873.5730025879917,831.9457577639752,905.6245000000001,60.63204305769974,29,0.14376942427379882
0.8,0.025,0.1512,5,20000,16.068712423740344,10.609702588371693,25.67619346007112,106.28496703600915,1,0.5951494544283442
0.8,0.05,0.3007,5,20000,18.539520592220462,14.003772929916934,25.628614151101623,61.646189161324195,1,0.5145358432689702
0.8,0.1,0.6056,5,20000,36.12123355223425,28.453244282120345,45.86135569469882,59.64974348075381,2,0.36024256434583746
0.8,0.15,0.9082,5,20000,54.909753572530164,34.32355729789843,89.5012359629709,60.458500385707296,2,0.30172484629364726
0.8,0.2,1.205,5,20000,73.82450941809083,41.49770215456303,118.5952725358361,61.26327004820668,3,0.30003840381387
0.8,0.3,1.8073,5,20000,94.89539139578999,70.39412459870383,123.3190296824612,52.507184254791916,4,0.24622858722184296
0.8,0.4,2.4056,5,20000,140.46066930066922,90.87168095907398,195.75284907302145,58.38831862172172,5,0.20749155511471104
0.8,0.6,3.603,5,20000,197.4386175224481,132.5233830022511,263.9464321406426,54.79820732760754,8,0.2327670229452224
0.8,0.8,4.8023,5,20000,228.00670225682006,175.35336322840942,297.0470553859007,47.47868273614584,10,0.20223220109053813
0.8,1.2,7.205,5,20000,367.60680180832367,255.16913588703378,451.15574055829234,51.02080668269492,15,0.21395434035568361
0.8,1.6,9.603,5,20000,578.2933374232291,284.2320148448043,1025.600666772291,60.21999312366176,20,0.19986115691273265
0.8,2.4,14.4056,5,20000,752.8747003936298,582.3847872035742,995.4002024722931,52.262533450472056,29,0.20237209853798094
0.81,0.025,0.1499,3,20000,8.141092464571834,5.841698617490982,11.644129644252354,54.30374605794554,1,0.4933386471338947
0.81,0.05,0.2988,3,20000,12.993245258359082,10.038905815877689,16.10338737252221,43.4837983443225,1,0.6572423834522093
0.81,0.1,0.6079,3,20000,31.275017408522647,25.028823522474035,38.75573794484927,51.444048130176704,2,0.3896868057463549
0.81,0.15,0.913,3,20000,41.28431609775689,34.46100196248703,53.14341819922421,45.22014339308057,2,0.4242516393159928
0.81,0.2,1.2113,3,20000,68.81460831848766,60.271511180730876,81.19511111940415,56.8116797628338,3,0.4180103031791122
0.81,0.3,1.8158,3,20000,153.36556573679357,129.12358873732418,171.7970105389171,84.46350536917444,4,0.4273507450232097
0.81,0.4,2.4078,3,20000,115.48675534486968,80.54534217104438,152.39490583830582,47.96404236750472,5,0.2855445796560034
0.81,0.6,3.6028,3,20000,155.53059345535777,124.14326413972444,192.99178753300973,43.16889308804434,8,0.274612882505155
0.81,0.8,4.8028,3,20000,265.96740341605357,138.14978909609715,340.3995,55.3775911078084,10,0.1769587473094183
0.81,1.2,7.2113,3,20000,417.96942018183535,208.94835637895216,612.1579282076466,57.96053796876519,15,0.26493962957602657
0.81,1.6,9.6028,3,20000,599.3133990248144,413.2176016218476,756.8006906906908,62.410019311430474,20,0.22387897376090174
0.81,2.4,14.4078,3,20000,737.0478910563121,416.1092176386914,986.8796047430831,51.156250632426996,29,0.19185241351678828
0.82,0.025,0.1499,3,20000,14.71025132061114,4.674525934238416,23.506796272504754,98.12218146880339,1,0.5735644958385994
0.82,0.05,0.2988,3,20000,15.732114442792527,4.295321658769833,33.465887558400816,52.64982522515609,1,0.4837094074380775
0.82,0.1,0.6079,3,20000,31.163799038719976,23.51328403143634,43.347766403551994,51.26110584450657,2,0.5260367089495753
0.82,0.15,0.913,3,20000,42.6140056177715,30.432319720625884,49.65296561279317,46.67659844542923,2,0.381065532371863
0.82,0.2,1.2113,3,20000,44.60434914966984,35.21603866285809,55.75709564671152,36.82427411622535,3,0.32967347338216596
0.82,0.3,1.8158,3,20000,133.10174372184898,118.59809400965804,149.37882737209262,73.30354627837932,4,0.2597708157360156
0.82,0.4,2.4078,3,20000,137.13830968002844,79.8861854032019,215.85016326719145,56.95638150070402,5,0.33761426454904786
0.82,0.6,3.6028,3,20000,152.72132324021007,145.16773254924502,164.03797324431653,42.389155270044256,8,0.20282394309575077
0.82,0.8,4.8028,3,20000,248.95680824937813,223.3934777084777,285.6491768851696,51.83578195547768,10,0.2035581831052964
0.82,1.2,7.2113,3,20000,320.0030154339845,219.0687758610185,422.47821264523606,44.3753682221819,15,0.214587411211836
0.82,1.6,9.6028,3,20000,404.83755881437224,328.4701379993626,525.0719149128886,42.1581094377488,20,0.22175691563309355
0.82,2.4,14.4078,3,20000,794.2633029269159,540.4592006224374,1159.8975,55.12739821348225,29,0.23268095242629397
0.83,0.025,0.1499,3,20000,6.746716254125811,3.9384384901670817,10.985217490255032,45.00280125590371,1,0.5538006647400183
0.83,0.05,0.2988,3,20000,16.87905032074837,7.842943655612342,33.26646364445381,56.488214129484284,1,0.5711608655391661
0.83,0.1,0.6079,3,20000,18.92151222958702,11.395447870276191,30.681043597671223,31.12385752243719,2,0.4457509153064176
0.83,0.15,0.913,3,20000,34.05990611782254,18.9336068293968,47.00400838555743,37.3069965590754,2,0.32805556705003047
0.83,0.2,1.2113,3,20000,58.26818687645996,37.976949855077144,69.1796680847288,48.10480876190721,3,0.36732924916141485
0.83,0.3,1.8158,3,20000,75.17147587282831,55.93245426350229,85.8281388121082,41.399425780425815,4,0.35804197201023963
0.83,0.4,2.4078,3,20000,90.86990971290038,50.98053657676171,138.4120743660913,37.74015631823274,5,0.3532408270445127
0.83,0.6,3.6028,3,20000,152.77444426359546,127.85170436357285,194.97774006331758,42.40389948035237,8,0.26720860193848783
0.83,0.8,4.8028,3,20000,173.9301500194786,159.6073923305257,197.5305939082551,36.214335310975514,10,0.22043389460147114
0.83,1.2,7.2113,3,20000,315.468914486787,221.41372692472692,462.41860239580814,43.74661664990198,15,0.22661283312420624
0.83,1.6,9.6028,3,20000,460.6068287078808,347.5032060759429,604.8250513847637,47.96569060763707,20,0.2474422528320864
0.83,2.4,14.4078,3,20000,806.5572180050523,616.8195944616488,1107.7498679479124,55.980681437845845,29,0.24289994198585804
0.84,0.025,0.1499,3,20000,13.382518504750905,11.455830824927896,14.960281898995584,89.26576987797064,1,0.5680376429683615
0.84,0.05,0.2988,3,20000,12.334552218650659,5.068411538173694,25.19495016564385,41.279385609862416,1,0.7149086419612453
0.84,0.1,0.6079,3,20000,14.163872404390665,9.244421030521622,19.445851068046423,23.29805045872153,2,0.5648783844031572
0.84,0.15,0.913,3,20000,26.456011757826403,15.60167450268866,46.370335381118004,28.978187320945754,2,0.5583253704237384
0.84,0.2,1.2113,3,20000,39.498823575603105,32.7880860281605,44.89306285687791,32.60927542594127,3,0.5680897191494643
0.84,0.3,1.8158,3,20000,55.69071597900506,43.21536397940897,79.38254102353231,30.670724979938427,4,0.4541832374138817
0.84,0.4,2.4078,3,20000,99.41873531838,81.06950001126906,127.73340919788144,41.29066072290817,5,0.31726096186555003
0.84,0.6,3.6028,3,20000,139.9938964955878,115.14895597817139,174.62887828417348,38.856545304261424,8,0.3346466833844068
0.84,0.8,4.8028,3,20000,145.53260839243626,135.705521733339,164.56383501299877,30.301627857012384,10,0.30170805941826706
0.84,1.2,7.2113,3,20000,350.9843226757532,239.6936311436925,530.8919921365516,48.671599352984025,15,0.2973116444308756
0.84,1.6,9.6028,3,20000,349.61799812198916,297.0281099751539,443.5625325812187,36.40777271110798,20,0.20758704405366987
0.84,2.4,14.4078,3,20000,684.0145544742678,487.51489679968785,976.5283315070669,47.475368167412746,29,0.19894250933944133
0.85,0.025,0.1499,3,20000,3.848013422443889,3.0325042224336136,4.7278857678158115,25.667506496125863,1,0.5367543036091956
0.85,0.05,0.2988,3,20000,8.482672155462067,3.0200242581071683,13.80872840877205,28.388504803433168,1,0.6672413188657264
0.85,0.1,0.6079,3,20000,12.138103840730109,10.47126659028288,13.008651834450617,19.96587851687143,2,0.6518766596159288
0.85,0.15,0.913,3,20000,24.70655999078947,17.214112616324456,39.12020945256924,27.06195211972883,2,0.45682534554933496
0.85,0.2,1.2113,3,20000,22.94172394139852,11.791579438890869,36.24755129568097,18.940133579397433,3,0.5831514007855637
0.85,0.3,1.8158,3,20000,98.6576418918455,36.62531242932595,204.9776142341338,54.33403662425143,4,0.39101081816672695
0.85,0.4,2.4078,3,20000,72.83015194828101,31.31238730227259,124.50511769482002,30.247871136803376,5,0.5983378871375252
0.85,0.6,3.6028,3,20000,92.88872295288168,67.15669376765362,114.05858658877689,25.782087376840682,8,0.36869870619607514
0.85,0.8,4.8028,3,20000,257.60556945272543,96.92192929641371,357.5062865462504,53.63655737139895,10,0.43345020052331273
0.85,1.2,7.2113,3,20000,356.51003874963675,291.9440373299457,452.57240729375314,49.4378598994269,15,0.4137345098881055
0.85,1.6,9.6028,3,20000,455.84240884608533,285.2909998099357,583.9745154001379,47.4695436233276,20,0.3062160297265479
0.85,2.4,14.4078,3,20000,612.7373163986317,268.3950466947835,818.2135209870202,42.52823203198647,29,0.26490127625483584
0.86,0.025,0.1499,3,20000,3.1172972108504893,2.522639126497268,4.093928480604661,20.793390673529206,1,0.6456147895734129
0.86,0.05,0.2988,3,20000,5.055617735056575,3.5982687849755552,7.486446934182932,16.919365233697118,1,0.6941629096953816
0.86,0.1,0.6079,3,20000,7.457738107459723,5.714401776636912,9.29030922674679,12.267179043611405,2,0.6774854280895317
0.86,0.15,0.913,3,20000,26.815106842141006,10.709404029937694,52.66418070745886,29.371516622223414,2,0.5987177240818358
0.86,0.2,1.2113,3,20000,16.815830846315446,11.706094903980338,25.212767141012865,13.882744090693256,3,0.5291190145023582
0.86,0.3,1.8158,3,20000,25.6390651749404,22.603731697373654,31.419588909670843,14.120283837251586,4,0.5413099780184351
0.86,0.4,2.4078,3,20000,112.10163064434009,90.01550776619399,141.0674520037081,46.558129939965895,5,0.40887955407871407
0.86,0.6,3.6028,3,20000,67.2725248768334,48.37545185956593,102.18143267579451,18.672084826863262,8,0.3358535852481957
0.86,0.8,4.8028,3,20000,170.92250138421323,74.13695136824424,364.31337505231147,35.58810693042792,10,0.4165588539909264
0.86,1.2,7.2113,3,20000,242.03624489493208,192.0818138759705,306.6996353273244,33.563582129876906,15,0.3768561943190975
0.86,1.6,9.6028,3,20000,280.2943099060573,240.4659225164897,336.72296381827806,29.188690462428347,20,0.32544107578891895
0.86,2.4,14.4078,3,20000,637.7711623904055,423.39203677655973,875.9671832923901,44.26575508223683,29,0.37402352029835373
0.87,0.025,0.1499,3,20000,3.1891302261994094,2.9667671257332326,3.584639230794646,21.272540350438007,1,0.49538344413190405
0.87,0.05,0.2988,3,20000,3.687934566282596,3.3939320386942557,4.129968109211037,12.342213188357952,1,0.77733226351241
0.87,0.1,0.6079,3,20000,13.251707006601725,6.812696918207538,23.792172538135347,21.797636245882487,2,0.5539916733368129
0.87,0.15,0.913,3,20000,17.00546476672726,11.338020349906278,22.010997017095605,18.626675403717485,2,0.6184551397009405
0.87,0.2,1.2113,3,20000,20.547620179805453,18.49971862345987,24.563172606276535,16.96361929636721,3,0.7310672209918407
0.87,0.3,1.8158,3,20000,27.05041620211165,17.712149940075918,40.52180750278122,14.897561673306736,4,0.7477126409915794
0.87,0.4,2.4078,3,20000,45.440739211046726,24.800877057961245,74.55867366613717,18.8724805214315,5,0.5158210122438157
0.87,0.6,3.6028,3,20000,75.82883288086224,55.94105184526036,109.37403071075587,21.046963860294834,8,0.7161448426220031
0.87,0.8,4.8028,3,20000,57.013671912367876,37.997960030681206,66.52419246761703,11.870927678227195,10,0.5084943169069903
0.87,1.2,7.2113,3,20000,211.1850275694078,122.29738682498645,359.662035727782,29.28539079137958,15,0.37269767441534013
0.87,1.6,9.6028,3,20000,212.37949282373287,180.051338365058,254.60349189070917,22.116322228150576,20,0.3920803442156935
0.87,2.4,14.4078,3,20000,556.8231575786452,355.96880267007737,772.8668886433101,38.64740046431562,29,0.346932180295515
0.88,0.025,0.1499,3,20000,2.917807071147782,2.6542144943403527,3.40102469342281,19.46272627748864,1,0.6321913572908603
0.88,0.05,0.2988,3,20000,3.9653412693374137,3.2134161539584114,4.578404100400479,13.270595351177407,1,0.6599806163203822
0.88,0.1,0.6079,3,20000,8.956657552357166,6.574129081122918,12.897721036482729,14.732740710910388,2,0.6834549778289795
0.88,0.15,0.913,3,20000,9.618897919234387,9.379817639332598,10.095426194820217,10.535912528167483,2,0.7220262204724989
0.88,0.2,1.2113,3,20000,13.369561502317465,7.530251223168012,17.908447658120902,11.037587297217991,3,0.6660981511698494
0.88,0.3,1.8158,3,20000,27.186179726209332,14.645981668027039,51.811153960537986,14.97233115034986,4,0.6500068089041736
0.88,0.4,2.4078,3,20000,29.08861959124414,17.535105303006752,48.450616271718474,12.081106429219995,5,0.6225941525572588
0.88,0.6,3.6028,3,20000,61.96023043018105,57.03297070497661,69.55377666187816,17.197610474744423,8,0.6412803974760367
0.88,0.8,4.8028,3,20000,94.7097323481745,60.06416351622114,126.09219418355777,19.719697844711934,10,0.4206972011143321
0.88,1.2,7.2113,3,20000,107.53389552175487,48.87275701182756,167.32239854777615,14.911910138321577,15,0.4819462465529066
0.88,1.6,9.6028,3,20000,153.6606047830863,122.96928548838034,174.7950504534913,16.001580020608603,20,0.5352104105754817
0.88,2.4,14.4078,3,20000,239.4874513306453,165.18808610514577,290.5104945500003,16.622095025648246,29,0.3534219964111336
0.89,0.025,0.1499,3,20000,3.2540257925787732,3.0932697024643643,3.38471716575481,21.705414976575405,1,0.5521461394299768
0.89,0.05,0.2988,3,20000,3.4635759849692227,2.840886543947553,3.8432021690180456,11.59136433476823,1,0.6879959907083105
0.89,0.1,0.6079,3,20000,6.522297212146673,5.610988832126387,7.779665694469575,10.728479134580935,2,0.6377792653080543
0.89,0.15,0.913,3,20000,7.786618978169859,6.289776489168966,9.156743594852863,8.52895385032804,2,0.7945516269126204
0.89,0.2,1.2113,3,20000,9.691636963638683,8.020961602676504,12.90826155982759,8.001181566094312,3,0.5868899232237322
0.89,0.3,1.8158,3,20000,11.718957183146093,8.922963512321079,15.478401928278759,6.454018528895363,4,0.6928812156719907
0.89,0.4,2.4078,3,20000,26.07570337035172,16.103920293349287,43.22019080515534,10.829779895392964,5,0.6505378515425835
0.89,0.6,3.6028,3,20000,51.66038981723408,42.14550198830596,65.45059681264927,14.338798530637565,8,0.6591811301781746
0.89,0.8,4.8028,3,20000,92.905808420289,50.80993407538148,153.8349656236728,19.344099330063262,10,0.49223805007034055
0.89,1.2,7.2113,3,20000,189.7170634160386,96.84047517122033,269.18475241938654,26.3083912996892,15,0.5415414536118556
0.89,1.6,9.6028,3,20000,192.46652379655333,191.36031368413606,194.49136928205246,20.04266797053446,20,0.4642915616243135
0.89,2.4,14.4078,3,20000,359.18354733494726,194.86114671065488,561.1872758725113,24.92983670867992,29,0.5178829156020813
0.9,0.025,0.1512,5,20000,2.734119342522919,2.370255596938486,2.8995128106172308,18.084571839323573,1,0.5503680816620522
0.9,0.05,0.3007,5,20000,3.6563630066641495,3.1427635485305467,4.01923160148901,12.15785728816897,1,0.7904513135255118
0.9,0.1,0.6056,5,20000,5.1324845290822685,4.628320964190287,5.958366479040568,8.475662525089986,2,0.6311693534635751
0.9,0.15,0.9082,5,20000,5.994416499185751,4.9114217737436725,7.586776809196064,6.6001649734122525,2,0.7062188873355806
0.9,0.2,1.205,5,20000,9.847156127194475,8.599990999679344,13.27224867890039,8.171662633214005,3,0.6388261884430584
0.9,0.3,1.8073,5,20000,10.847159345552441,8.956438506861694,13.201916057408036,6.001912063595517,4,0.6678843801061067
0.9,0.4,2.4056,5,20000,17.960337261698022,15.189811168154804,23.34813047305947,7.465961110756353,5,0.709107052812177
0.9,0.6,3.603,5,20000,37.64945195839576,21.369598425246,66.81376332664807,10.449437400220859,8,0.6523079906369899
0.9,0.8,4.8023,5,20000,39.26638724912966,24.935578319032253,52.18922247597042,8.176585705345444,10,0.6714963012016968
0.9,1.2,7.205,5,20000,129.11567095556026,50.95334316093607,213.5376738792941,17.920195315006616,15,0.5947013706067706
0.9,1.6,9.603,5,20000,106.52934940263629,33.92840551858582,152.98951018939476,11.093326298863962,20,0.5581259648158353
0.9,2.4,14.4056,5,20000,203.48829899369656,106.85417807011267,295.2895959753598,14.125609516932185,29,0.5667260516533073
0.92,0.025,0.1499,3,20000,2.375682556028024,2.27601361387791,2.4434476829703824,15.84657867457617,1,0.5538865872447571
0.92,0.05,0.2988,3,20000,3.1176756874116838,2.9033682064724577,3.4743925435679825,10.433758325864746,1,0.6736039954096961
0.92,0.1,0.6079,3,20000,5.205330515265913,4.3897172490246,6.086329006570252,8.562210215999572,2,0.6570745365645316
0.92,0.15,0.913,3,20000,5.65048957317745,3.9472499604351277,7.263936258998736,6.189177220113231,2,0.7460255212940337
0.92,0.2,1.2113,3,20000,9.919024909921463,8.473726823725084,11.523687041922798,8.188907566456871,3,0.7879310422371956
0.92,0.3,1.8158,3,20000,9.238313430082444,8.300858707780105,10.240260128055644,5.0878457120096865,4,0.6879285612487847
0.92,0.4,2.4078,3,20000,14.13287850766154,11.712828879884885,15.361279076816905,5.869677275909269,5,0.6896293339673525
0.92,0.6,3.6028,3,20000,22.043250548610242,20.634462186383086,22.934232173678893,6.118299333301681,8,0.6069873669793363
0.92,0.8,4.8028,3,20000,20.531991885273218,12.385561514614992,32.32381415967022,4.275006021970553,10,0.3790105198566472
0.92,1.2,7.2113,3,20000,48.627873280884124,48.524072618225425,48.75629343109235,6.743310777163588,15,0.6536500414179072
0.92,1.6,9.6028,3,20000,50.252311640733176,22.996425907069696,79.13854673558264,5.233067949165482,20,0.49032038976233977
0.92,2.4,14.4078,3,20000,222.75443675629333,38.12253729981601,530.46871758607,15.46070741734125,29,0.4655784612060903
0.94,0.025,0.1499,3,20000,2.1934388580181996,2.1718943405467384,2.221561404756013,14.630953678243825,1,0.4630591686301637
0.94,0.05,0.2988,3,20000,2.7988507570229437,2.757278812769014,2.873853563954915,9.366763998851058,1,0.7260615343644172
0.94,0.1,0.6079,3,20000,4.952989184286218,4.679503722951451,5.366594252887108,8.147135800321879,2,0.7027115518938573
0.94,0.15,0.913,3,20000,5.348834079806171,5.284847671330238,5.457474226287677,5.8587634951223775,2,0.7476950612231015
0.94,0.2,1.2113,3,20000,8.725597910769821,7.5474819617411875,9.972134167235993,7.203643039739982,3,0.8095912554400583
0.94,0.3,1.8158,3,20000,8.40720955590307,8.26662920729284,8.595202400782414,4.63012923437764,4,0.6070723784281801
0.94,0.4,2.4078,3,20000,14.163528151046743,11.521396344969782,16.66191429623854,5.8824067078643605,5,0.7179596528370701
0.94,0.6,3.6028,3,20000,15.814059703515454,11.022762531305554,18.28278030393856,4.389332268734372,8,0.501804597712932
0.94,0.8,4.8028,3,20000,15.431281067683729,11.230525974025973,23.180532895315274,3.212977087643646,10,0.2192758663803006
0.94,1.2,7.2113,3,20000,23.303737663326896,16.77000661131991,35.777998602345995,3.2315693599349644,15,0.22508964035429593
0.94,1.6,9.6028,3,20000,63.78285474968373,46.62795489864263,94.04612966636164,6.642082761945903,20,0.655507591245985
0.94,2.4,14.4078,3,20000,68.83615148955352,37.234276490318805,90.88129191014337,4.777707745862433,29,0.35155033200376956
0.96,0.025,0.1499,3,20000,2.1208989080799103,2.0536775386972477,2.1671948853839034,14.147088516701023,1,0.45818135747954064
0.96,0.05,0.2988,3,20000,2.744532938446815,2.4436435630615265,3.0470426011278153,9.184981463194822,1,0.6540134977981615
0.96,0.1,0.6079,3,20000,4.345259741171768,3.9767124087319514,4.969773418640158,7.147486069889255,2,0.668474776279551
0.96,0.15,0.913,3,20000,5.6523905696470464,4.743137108615376,6.328029006309436,6.1912594474835805,2,0.7481512066673991
0.96,0.2,1.2113,3,20000,7.119661878536334,6.748998475354649,7.556145698820614,5.877821011362129,3,0.6525054974350263
0.96,0.3,1.8158,3,20000,10.387949365562868,7.97788435133549,13.51690978058283,5.720988363963867,4,0.7217432269070674
0.96,0.4,2.4078,3,20000,11.662131907624312,9.907873294341014,14.575991334544002,4.843525019317896,5,0.6245803545609828
0.96,0.6,3.6028,3,20000,13.491343361629886,8.985166666666666,16.334791628895253,3.744641785601277,8,0.3247325292928412
0.96,0.8,4.8028,3,20000,14.005906126958735,11.420251776001775,19.156263541855573,2.9161969949369135,10,0.2044543206624193
0.96,1.2,7.2113,3,20000,22.70240012938973,18.30485940714001,29.775323252230386,3.1481808504295423,15,0.3377149907547556
0.96,1.6,9.6028,3,20000,33.960117404422355,21.949714285714286,40.19330808090548,3.536466206958089,20,0.4018516806579157
0.96,2.4,14.4078,3,20000,50.812506652786716,32.08,60.24035001647803,3.52674141956567,29,0.4290095795526132
0.98,0.025,0.1499,3,20000,2.0003691446507066,1.9775169283167398,2.030080033890971,13.34311562311616,1,0.4457078603816827
0.98,0.05,0.2988,3,20000,2.376592412407033,2.2977618936817996,2.4916489723101343,7.953614601499917,1,0.6087863741446878
0.98,0.1,0.6079,3,20000,3.51291172958622,3.3651638881507364,3.682932146244117,5.778362893721327,2,0.45624649678107687
0.98,0.15,0.913,3,20000,4.2407027509089765,3.621641100756612,5.020512662962106,4.6449888143830576,2,0.5866654984149963
0.98,0.2,1.2113,3,20000,7.375082962962086,7.128027915220461,7.777714880800676,6.088690493985822,3,0.6840510247617848
0.98,0.3,1.8158,3,20000,8.859230599930836,7.482439139044629,9.984974553608684,4.8790722203458365,4,0.6965205694020972
0.98,0.4,2.4078,3,20000,11.749026273588678,11.361261249359913,12.068464818161887,4.879614049944537,5,0.6397542377769523
0.98,0.6,3.6028,3,20000,10.016982842313048,9.120523809523808,11.246683834120542,2.7803022657963776,8,0.11312021501741411
0.98,0.8,4.8028,3,20000,15.304110827838224,11.07766666666667,23.706713435895622,3.186498724307407,10,0.22403322757526165
0.98,1.2,7.2113,3,20000,16.707428571428572,16.65961904761905,16.770666666666667,2.316847839378855,15,0.000889494251165722
0.98,1.6,9.6028,3,20000,22.917777777777776,22.35333333333333,23.61,2.3865626165100338,20,0.00044662941422156025
0.98,2.4,14.4078,3,20000,47.78542963450125,31.230666666666664,56.08420835280185,3.3166412177875473,29,0.4312695697942435
1,0.025,0.1512,5,20000,1.9040717154717186,1.8884221086124848,1.9327020609446621,12.594300910763451,1,0.37437514090715235
1,0.05,0.3007,5,20000,2.2261005611604716,2.1470815140439856,2.2917833327568187,7.402058516173982,1,0.5754268439789275
1,0.1,0.6056,5,20000,3.4107250535589815,3.015031692234225,3.8033923692854885,5.632389996702906,2,0.42525462704454187
1,0.15,0.9082,5,20000,3.9573581098611195,3.4537984917215305,4.666299714359262,4.357257522479823,2,0.6024526210064908
1,0.2,1.205,5,20000,5.288451215876942,4.839249125208041,5.62360142463958,4.388621306512093,3,0.5050168590038292
1,0.3,1.8073,5,20000,7.079238009541228,6.627380901484904,7.951832053032673,3.917059080352753,4,0.5699980328005803
1,0.4,2.4056,5,20000,8.015129594473656,6.077050938752168,8.604545665424604,3.3318219462185725,5,0.4950105042625593
1,0.6,3.603,5,20000,12.770590526628904,11.5843788128966,13.166430263176748,3.544420418637838,8,0.5353253003064815
1,0.8,4.8023,5,20000,13.904707361711933,11.206666666666665,16.942478880560586,2.895428874814689,10,0.2954777410059103
1,1.2,7.205,5,20000,19.849524423179556,16.446666666666665,25.15449040557029,2.754951060090924,15,0.23888174352593455
1,1.6,9.603,5,20000,26.989763284056558,22.95,33.20805832437636,2.810551763603732,20,0.24021202617799925
1,2.4,14.4056,5,20000,44.03459602118337,31.42,48.57818088401814,3.0567630262139054,29,0.4622651822020967
